url,TransactionAmount,TransactionType,CustomerAge,AccountBalance,Location,label,source
http://skrill.com,0.49,Debit,19.0,150.0,Chittagong,1,adversarial
NON_URL_TRANSACTION_PLACEHOLDER,1903.38,Debit,63.0,8991.08,Sylhet,0,legit
https://paypal.com,4.99,Debit,35.0,1200.0,Sylhet,1,adversarial
NON_URL_TRANSACTION_PLACEHOLDER,3517.68,Credit,56.0,41769.02,Barisal,0,legit
NON_URL_TRANSACTION_PLACEHOLDER,720.5788695652175,Debit,38.023768115942026,7668.199707246376,Chittagong,1,phishing
NON_URL_TRANSACTION_PLACEHOLDER,720.5788695652175,Debit,38.023768115942026,7668.199707246376,Chittagong,1,phishing
NON_URL_TRANSACTION_PLACEHOLDER,4868.01,Debit,51.0,39417.48,Khulna,0,legit
NON_URL_TRANSACTION_PLACEHOLDER,720.5788695652175,Debit,38.023768115942026,7668.199707246376,Chittagong,1,phishing
NON_URL_TRANSACTION_PLACEHOLDER,2908.89,Debit,66.0,15415.96,Barisal,0,legit
http://p@yp@I.c0m,4.99,Debit,35.0,1200.0,Sylhet,1,adversarial
NON_URL_TRANSACTION_PLACEHOLDER,1790.54,Credit,57.0,24121.75,Chittagong,0,legit
http://p@yp@I.c0m,4.99,Debit,35.0,1200.0,Sylhet,1,adversarial
NON_URL_TRANSACTION_PLACEHOLDER,720.5788695652175,Debit,38.023768115942026,7668.199707246376,Chittagong,1,phishing
NON_URL_TRANSACTION_PLACEHOLDER,1565.07,Credit,29.0,46963.13,Chittagong,0,legit
NON_URL_TRANSACTION_PLACEHOLDER,3615.36,Credit,72.0,20937.51,Rajshahi,0,legit
NON_URL_TRANSACTION_PLACEHOLDER,2751.28,Credit,31.0,22481.27,Chittagong,0,legit
NON_URL_TRANSACTION_PLACEHOLDER,3840.02,Debit,68.0,42124.28,Rajshahi,0,legit
NON_URL_TRANSACTION_PLACEHOLDER,1621.88,Debit,61.0,8582.86,Chittagong,0,legit
https://bankofamerica.com,9.99,Debit,60.0,300.0,Khulna,1,adversarial
NON_URL_TRANSACTION_PLACEHOLDER,720.5788695652175,Debit,38.023768115942026,7668.199707246376,Chittagong,1,phishing
NON_URL_TRANSACTION_PLACEHOLDER,4399.92,Debit,72.0,41098.47,Sylhet,0,legit
https://skrill.com,0.49,Debit,19.0,150.0,Chittagong,1,adversarial
NON_URL_TRANSACTION_PLACEHOLDER,720.5788695652175,Debit,38.023768115942026,7668.199707246376,Chittagong,1,phishing
NON_URL_TRANSACTION_PLACEHOLDER,720.5788695652175,Debit,38.023768115942026,7668.199707246376,Chittagong,1,phishing
http://apple pay.com,0.49,Debit,22.0,500.0,Chittagong,1,adversarial
NON_URL_TRANSACTION_PLACEHOLDER,1821.45,Credit,70.0,4955.54,Chittagong,0,legit
https://paypal.com,4.99,Debit,35.0,1200.0,Sylhet,1,adversarial
NON_URL_TRANSACTION_PLACEHOLDER,1385.61,Credit,74.0,1761.46,Chittagong,0,legit
NON_URL_TRANSACTION_PLACEHOLDER,2998.24,Credit,63.0,1748.18,Sylhet,0,legit
NON_URL_TRANSACTION_PLACEHOLDER,1330.09,Credit,51.0,12759.65,Chittagong,0,legit
NON_URL_TRANSACTION_PLACEHOLDER,2270.62,Credit,73.0,18196.19,Barisal,0,legit
NON_URL_TRANSACTION_PLACEHOLDER,419.94,Debit,67.0,32186.99,Khulna,0,legit
NON_URL_TRANSACTION_PLACEHOLDER,830.01,Credit,71.0,47140.21,Sylhet,0,legit
NON_URL_TRANSACTION_PLACEHOLDER,846.68,Debit,36.0,34639.24,Rajshahi,0,legit
http://apple pay.com,1.99,Debit,22.0,500.0,Chittagong,1,adversarial
NON_URL_TRANSACTION_PLACEHOLDER,3230.1,Credit,57.0,45169.51,Barisal,0,legit
https://bankofamerica.com,9.99,Debit,60.0,300.0,Khulna,1,adversarial
http://skriII.c0m,0.49,Debit,19.0,150.0,Chittagong,1,adversarial
https://skrill.com,0.49,Debit,19.0,150.0,Chittagong,1,adversarial
NON_URL_TRANSACTION_PLACEHOLDER,2504.59,Debit,56.0,7993.76,Barisal,0,legit
NON_URL_TRANSACTION_PLACEHOLDER,2655.69,Credit,32.0,36043.61,Barisal,0,legit
http://paypal.com,4.99,Debit,35.0,1200.0,Sylhet,1,adversarial
NON_URL_TRANSACTION_PLACEHOLDER,2934.16,Debit,57.0,25701.17,Dhaka,0,legit
NON_URL_TRANSACTION_PLACEHOLDER,1707.98,Credit,48.0,28783.49,Barisal,0,legit
https://bankofamerica.com,9.99,Debit,60.0,300.0,Khulna,1,adversarial
NON_URL_TRANSACTION_PLACEHOLDER,983.17,Debit,42.0,1482.12,Sylhet,0,legit
NON_URL_TRANSACTION_PLACEHOLDER,501.79,Credit,24.0,41533.43,Chittagong,0,legit
NON_URL_TRANSACTION_PLACEHOLDER,4468.7,Credit,59.0,42816.17,Chittagong,0,legit
NON_URL_TRANSACTION_PLACEHOLDER,2023.15,Credit,69.0,49959.28,Dhaka,0,legit
http://skrill.com,0.49,Debit,19.0,150.0,Chittagong,1,adversarial
http://apple pay.com,1.99,Debit,22.0,500.0,Chittagong,1,adversarial
NON_URL_TRANSACTION_PLACEHOLDER,2624.77,Credit,53.0,49523.21,Barisal,0,legit
https://bankofamerica.com,9.99,Debit,60.0,300.0,Khulna,1,adversarial
NON_URL_TRANSACTION_PLACEHOLDER,3235.2,Debit,37.0,37085.68,Chittagong,0,legit
NON_URL_TRANSACTION_PLACEHOLDER,2927.57,Credit,62.0,18242.88,Rajshahi,0,legit
NON_URL_TRANSACTION_PLACEHOLDER,720.5788695652175,Debit,38.023768115942026,7668.199707246376,Chittagong,1,phishing
NON_URL_TRANSACTION_PLACEHOLDER,720.5788695652175,Debit,38.023768115942026,7668.199707246376,Chittagong,1,phishing
http://paypal.com,4.99,Debit,35.0,1200.0,Sylhet,1,adversarial
https://paypal.com,4.99,Debit,35.0,1200.0,Sylhet,1,adversarial
NON_URL_TRANSACTION_PLACEHOLDER,4505.5,Debit,37.0,49527.65,Khulna,0,legit
https://bankofamerica.com,9.99,Debit,60.0,300.0,Khulna,1,adversarial
NON_URL_TRANSACTION_PLACEHOLDER,2012.98,Credit,29.0,17649.49,Barisal,0,legit
https://apple pay.com,1.99,Debit,22.0,500.0,Chittagong,1,adversarial
http://apple pay.com,5.0,Debit,22.0,500.0,Chittagong,1,adversarial
https://b@nk0f@meric@.c0m,9.99,Debit,60.0,300.0,Khulna,1,adversarial
NON_URL_TRANSACTION_PLACEHOLDER,720.5788695652175,Debit,38.023768115942026,7668.199707246376,Chittagong,1,phishing
NON_URL_TRANSACTION_PLACEHOLDER,1063.61,Credit,18.0,15672.92,Barisal,0,legit
NON_URL_TRANSACTION_PLACEHOLDER,720.5788695652175,Debit,38.023768115942026,7668.199707246376,Chittagong,1,phishing
NON_URL_TRANSACTION_PLACEHOLDER,547.84,Debit,60.0,31092.47,Chittagong,0,legit
http://paypal.com,4.99,Debit,35.0,1200.0,Sylhet,1,adversarial
NON_URL_TRANSACTION_PLACEHOLDER,720.5788695652175,Debit,38.023768115942026,7668.199707246376,Chittagong,1,phishing
NON_URL_TRANSACTION_PLACEHOLDER,4637.66,Credit,58.0,8268.76,Rajshahi,0,legit
http://paypal.com,4.99,Debit,35.0,1200.0,Sylhet,1,adversarial
http://skriII.c0m,0.49,Debit,19.0,150.0,Chittagong,1,adversarial
NON_URL_TRANSACTION_PLACEHOLDER,1153.98,Debit,19.0,30557.42,Rajshahi,0,legit
NON_URL_TRANSACTION_PLACEHOLDER,4091.24,Credit,41.0,45895.11,Sylhet,0,legit
http://@ppIe p@y.c0m,1.99,Debit,22.0,500.0,Chittagong,1,adversarial
NON_URL_TRANSACTION_PLACEHOLDER,2953.4,Debit,71.0,17255.29,Barisal,0,legit
NON_URL_TRANSACTION_PLACEHOLDER,250.3,Credit,75.0,24942.79,Dhaka,0,legit
http://paypal.com,4.99,Debit,35.0,1200.0,Sylhet,1,adversarial
NON_URL_TRANSACTION_PLACEHOLDER,1879.33,Credit,19.0,40408.59,Chittagong,0,legit
NON_URL_TRANSACTION_PLACEHOLDER,2287.97,Debit,34.0,28028.34,Rajshahi,0,legit
http://paypal.com,4.99,Debit,35.0,1200.0,Sylhet,1,adversarial
http://apple pay.com,1.99,Debit,22.0,500.0,Chittagong,1,adversarial
NON_URL_TRANSACTION_PLACEHOLDER,720.5788695652175,Debit,38.023768115942026,7668.199707246376,Chittagong,1,phishing
NON_URL_TRANSACTION_PLACEHOLDER,720.5788695652175,Debit,38.023768115942026,7668.199707246376,Chittagong,1,phishing
NON_URL_TRANSACTION_PLACEHOLDER,720.5788695652175,Debit,38.023768115942026,7668.199707246376,Chittagong,1,phishing
NON_URL_TRANSACTION_PLACEHOLDER,1478.78,Credit,22.0,17476.24,Rajshahi,0,legit
NON_URL_TRANSACTION_PLACEHOLDER,1103.01,Debit,73.0,35331.46,Sylhet,0,legit
http://paypal.com,4.99,Debit,35.0,1200.0,Sylhet,1,adversarial
https://skrill.com,0.49,Debit,19.0,150.0,Chittagong,1,adversarial
https://bankofamerica.com,9.99,Debit,60.0,300.0,Khulna,1,adversarial
NON_URL_TRANSACTION_PLACEHOLDER,4654.06,Credit,39.0,45103.92,Barisal,0,legit
NON_URL_TRANSACTION_PLACEHOLDER,3734.68,Credit,26.0,13793.03,Dhaka,0,legit
http://apple pay.com,1.99,Debit,22.0,500.0,Chittagong,1,adversarial
NON_URL_TRANSACTION_PLACEHOLDER,720.5788695652175,Debit,38.023768115942026,7668.199707246376,Chittagong,1,phishing
NON_URL_TRANSACTION_PLACEHOLDER,519.19,Debit,62.0,47071.44,Dhaka,0,legit
https://bankofamerica.com,9.99,Debit,60.0,300.0,Khulna,1,adversarial
https://paypal.com,4.99,Debit,35.0,1200.0,Sylhet,1,adversarial
http://apple pay.com,1.99,Debit,22.0,500.0,Chittagong,1,adversarial
NON_URL_TRANSACTION_PLACEHOLDER,2939.55,Credit,26.0,22603.61,Khulna,0,legit
NON_URL_TRANSACTION_PLACEHOLDER,1361.89,Debit,33.0,3610.55,Rajshahi,0,legit
NON_URL_TRANSACTION_PLACEHOLDER,4093.77,Credit,31.0,39911.82,Rajshahi,0,legit
https://b@nk0f@meric@.c0m,9.99,Debit,60.0,300.0,Khulna,1,adversarial
NON_URL_TRANSACTION_PLACEHOLDER,4222.27,Debit,39.0,13330.4,Sylhet,0,legit
NON_URL_TRANSACTION_PLACEHOLDER,3078.9,Credit,33.0,48906.28,Sylhet,0,legit
NON_URL_TRANSACTION_PLACEHOLDER,3907.88,Debit,52.0,11957.54,Chittagong,0,legit
NON_URL_TRANSACTION_PLACEHOLDER,2945.0,Debit,47.0,48250.7,Chittagong,0,legit
NON_URL_TRANSACTION_PLACEHOLDER,4307.36,Credit,23.0,14143.08,Khulna,0,legit
NON_URL_TRANSACTION_PLACEHOLDER,1524.29,Credit,67.0,44852.02,Khulna,0,legit
NON_URL_TRANSACTION_PLACEHOLDER,2768.68,Credit,46.0,28075.65,Sylhet,0,legit
http://apple pay.com,1.99,Debit,22.0,500.0,Chittagong,1,adversarial
http://skrill.com,0.49,Debit,19.0,150.0,Chittagong,1,adversarial
http://apple pay.com,1.99,Debit,22.0,500.0,Chittagong,1,adversarial
NON_URL_TRANSACTION_PLACEHOLDER,2069.01,Credit,40.0,29915.79,Barisal,0,legit
NON_URL_TRANSACTION_PLACEHOLDER,3899.69,Credit,33.0,792.06,Sylhet,0,legit
http://p@yp@I.c0m,4.99,Debit,35.0,1200.0,Sylhet,1,adversarial
NON_URL_TRANSACTION_PLACEHOLDER,1543.14,Debit,49.0,24873.86,Rajshahi,0,legit
NON_URL_TRANSACTION_PLACEHOLDER,1912.47,Credit,20.0,45804.69,Dhaka,0,legit
http://skriII.c0m,0.49,Debit,19.0,150.0,Chittagong,1,adversarial
NON_URL_TRANSACTION_PLACEHOLDER,720.5788695652175,Debit,38.023768115942026,7668.199707246376,Chittagong,1,phishing
NON_URL_TRANSACTION_PLACEHOLDER,720.5788695652175,Debit,38.023768115942026,7668.199707246376,Chittagong,1,phishing
NON_URL_TRANSACTION_PLACEHOLDER,720.5788695652175,Debit,38.023768115942026,7668.199707246376,Chittagong,1,phishing
NON_URL_TRANSACTION_PLACEHOLDER,1725.98,Debit,45.0,28177.14,Barisal,0,legit
NON_URL_TRANSACTION_PLACEHOLDER,3444.9,Debit,43.0,48260.17,Chittagong,0,legit
https://paypal.com,4.99,Debit,35.0,1200.0,Sylhet,1,adversarial
NON_URL_TRANSACTION_PLACEHOLDER,1261.71,Credit,68.0,35607.28,Rajshahi,0,legit
NON_URL_TRANSACTION_PLACEHOLDER,3462.14,Debit,59.0,5621.84,Khulna,0,legit
https://paypal.com,4.99,Debit,35.0,1200.0,Sylhet,1,adversarial
NON_URL_TRANSACTION_PLACEHOLDER,3361.67,Debit,66.0,11522.47,Barisal,0,legit
https://paypal.com,4.99,Debit,35.0,1200.0,Sylhet,1,adversarial
http://skriII.c0m,0.49,Debit,19.0,150.0,Chittagong,1,adversarial
NON_URL_TRANSACTION_PLACEHOLDER,2718.93,Credit,66.0,16139.56,Dhaka,0,legit
NON_URL_TRANSACTION_PLACEHOLDER,4003.57,Debit,61.0,2283.48,Khulna,0,legit
NON_URL_TRANSACTION_PLACEHOLDER,1279.05,Debit,73.0,23011.83,Rajshahi,0,legit
NON_URL_TRANSACTION_PLACEHOLDER,720.5788695652175,Debit,38.023768115942026,7668.199707246376,Chittagong,1,phishing
https://bankofamerica.com,9.99,Debit,60.0,300.0,Khulna,1,adversarial
http://skriII.c0m,0.49,Debit,19.0,150.0,Chittagong,1,adversarial
http://skrill.com,0.49,Debit,19.0,150.0,Chittagong,1,adversarial
https://bankofamerica.com,9.99,Debit,60.0,300.0,Khulna,1,adversarial
https://bankofamerica.com,9.99,Debit,60.0,300.0,Khulna,1,adversarial
NON_URL_TRANSACTION_PLACEHOLDER,1525.22,Debit,29.0,44855.22,Sylhet,0,legit
NON_URL_TRANSACTION_PLACEHOLDER,720.5788695652175,Debit,38.023768115942026,7668.199707246376,Chittagong,1,phishing
NON_URL_TRANSACTION_PLACEHOLDER,2421.61,Debit,48.0,9312.7,Rajshahi,0,legit
NON_URL_TRANSACTION_PLACEHOLDER,720.5788695652175,Debit,38.023768115942026,7668.199707246376,Chittagong,1,phishing
NON_URL_TRANSACTION_PLACEHOLDER,4303.58,Credit,46.0,21248.87,Barisal,0,legit
NON_URL_TRANSACTION_PLACEHOLDER,1847.72,Debit,63.0,36254.4,Chittagong,0,legit
NON_URL_TRANSACTION_PLACEHOLDER,720.5788695652175,Debit,38.023768115942026,7668.199707246376,Chittagong,1,phishing
NON_URL_TRANSACTION_PLACEHOLDER,4658.53,Debit,44.0,36084.37,Chittagong,0,legit
NON_URL_TRANSACTION_PLACEHOLDER,4069.14,Credit,64.0,49229.32,Dhaka,0,legit
NON_URL_TRANSACTION_PLACEHOLDER,720.5788695652175,Debit,38.023768115942026,7668.199707246376,Chittagong,1,phishing
NON_URL_TRANSACTION_PLACEHOLDER,2762.63,Debit,34.0,19634.56,Barisal,0,legit
NON_URL_TRANSACTION_PLACEHOLDER,1459.65,Debit,26.0,24796.27,Khulna,0,legit
https://apple pay.com,1.99,Debit,22.0,500.0,Chittagong,1,adversarial
NON_URL_TRANSACTION_PLACEHOLDER,4619.45,Debit,28.0,38779.96,Chittagong,0,legit
NON_URL_TRANSACTION_PLACEHOLDER,4032.75,Debit,51.0,5741.6,Chittagong,0,legit
NON_URL_TRANSACTION_PLACEHOLDER,4224.24,Credit,52.0,41795.12,Sylhet,0,legit
NON_URL_TRANSACTION_PLACEHOLDER,720.5788695652175,Debit,38.023768115942026,7668.199707246376,Chittagong,1,phishing
NON_URL_TRANSACTION_PLACEHOLDER,568.1,Credit,27.0,26868.17,Sylhet,0,legit
http://apple pay.com,1.99,Debit,22.0,500.0,Chittagong,1,adversarial
NON_URL_TRANSACTION_PLACEHOLDER,513.93,Credit,67.0,34012.28,Barisal,0,legit
NON_URL_TRANSACTION_PLACEHOLDER,1267.8,Debit,62.0,2096.59,Sylhet,0,legit
NON_URL_TRANSACTION_PLACEHOLDER,4383.06,Debit,61.0,27421.78,Chittagong,0,legit
http://skriII.c0m,0.49,Debit,19.0,150.0,Chittagong,1,adversarial
http://skriII.c0m,0.49,Debit,19.0,150.0,Chittagong,1,adversarial
http://p@yp@I.c0m,4.99,Debit,35.0,1200.0,Sylhet,1,adversarial
https://apple pay.com,1.99,Debit,22.0,500.0,Chittagong,1,adversarial
NON_URL_TRANSACTION_PLACEHOLDER,720.5788695652175,Debit,38.023768115942026,7668.199707246376,Chittagong,1,phishing
NON_URL_TRANSACTION_PLACEHOLDER,198.06,Debit,46.0,10219.19,Chittagong,0,legit
NON_URL_TRANSACTION_PLACEHOLDER,720.5788695652175,Debit,38.023768115942026,7668.199707246376,Chittagong,1,phishing
http://skrill.com,0.49,Debit,19.0,150.0,Chittagong,1,adversarial
NON_URL_TRANSACTION_PLACEHOLDER,3006.45,Credit,27.0,43470.24,Rajshahi,0,legit
NON_URL_TRANSACTION_PLACEHOLDER,720.5788695652175,Debit,38.023768115942026,7668.199707246376,Chittagong,1,phishing
http://apple pay.com,1.99,Debit,22.0,500.0,Chittagong,1,adversarial
NON_URL_TRANSACTION_PLACEHOLDER,1596.36,Credit,30.0,13664.43,Khulna,0,legit
https://bankofamerica.com,9.99,Debit,60.0,300.0,Khulna,1,adversarial
NON_URL_TRANSACTION_PLACEHOLDER,1157.36,Credit,58.0,1585.36,Dhaka,0,legit
https://apple pay.com,1.99,Debit,22.0,500.0,Chittagong,1,adversarial
NON_URL_TRANSACTION_PLACEHOLDER,3757.03,Credit,45.0,16415.21,Dhaka,0,legit
https://b@nk0f@meric@.c0m,9.99,Debit,60.0,300.0,Khulna,1,adversarial
https://bankofamerica.com,9.99,Debit,60.0,300.0,Khulna,1,adversarial
NON_URL_TRANSACTION_PLACEHOLDER,4128.39,Debit,64.0,1761.89,Rajshahi,0,legit
NON_URL_TRANSACTION_PLACEHOLDER,720.5788695652175,Debit,38.023768115942026,7668.199707246376,Chittagong,1,phishing
http://paypal.com,4.99,Debit,35.0,1200.0,Sylhet,1,adversarial
NON_URL_TRANSACTION_PLACEHOLDER,1540.28,Credit,22.0,37408.49,Sylhet,0,legit
NON_URL_TRANSACTION_PLACEHOLDER,4088.09,Credit,58.0,41869.59,Rajshahi,0,legit
NON_URL_TRANSACTION_PLACEHOLDER,720.5788695652175,Debit,38.023768115942026,7668.199707246376,Chittagong,1,phishing
http://skrill.com,5.0,Debit,19.0,150.0,Chittagong,1,adversarial
NON_URL_TRANSACTION_PLACEHOLDER,720.5788695652175,Debit,38.023768115942026,7668.199707246376,Chittagong,1,phishing
https://bankofamerica.com,9.99,Debit,60.0,300.0,Khulna,1,adversarial
NON_URL_TRANSACTION_PLACEHOLDER,581.89,Credit,72.0,49935.26,Chittagong,0,legit
NON_URL_TRANSACTION_PLACEHOLDER,4404.54,Credit,19.0,7470.25,Sylhet,0,legit
https://bankofamerica.com,9.99,Debit,60.0,300.0,Khulna,1,adversarial
NON_URL_TRANSACTION_PLACEHOLDER,1911.99,Credit,60.0,32857.15,Rajshahi,0,legit
NON_URL_TRANSACTION_PLACEHOLDER,4894.14,Debit,45.0,36459.66,Barisal,0,legit
NON_URL_TRANSACTION_PLACEHOLDER,3924.88,Credit,60.0,30644.24,Dhaka,0,legit
https://paypal.com,4.99,Debit,35.0,1200.0,Sylhet,1,adversarial
NON_URL_TRANSACTION_PLACEHOLDER,766.85,Debit,43.0,5558.43,Sylhet,0,legit
NON_URL_TRANSACTION_PLACEHOLDER,3363.9,Credit,40.0,31440.02,Chittagong,0,legit
http://paypal.com,1.99,Debit,35.0,1200.0,Sylhet,1,adversarial
https://skrill.com,0.49,Debit,19.0,150.0,Chittagong,1,adversarial
NON_URL_TRANSACTION_PLACEHOLDER,1154.27,Debit,72.0,33457.88,Sylhet,0,legit
NON_URL_TRANSACTION_PLACEHOLDER,740.58,Credit,47.0,7010.02,Rajshahi,0,legit
NON_URL_TRANSACTION_PLACEHOLDER,3350.99,Credit,55.0,38067.76,Barisal,0,legit
NON_URL_TRANSACTION_PLACEHOLDER,4234.82,Debit,51.0,21258.61,Dhaka,0,legit
NON_URL_TRANSACTION_PLACEHOLDER,1902.69,Debit,70.0,21223.54,Sylhet,0,legit
https://b@nk0f@meric@.c0m,9.99,Debit,60.0,300.0,Khulna,1,adversarial
https://bankofamerica.com,0.49,Debit,60.0,300.0,Khulna,1,adversarial
NON_URL_TRANSACTION_PLACEHOLDER,720.5788695652175,Debit,38.023768115942026,7668.199707246376,Chittagong,1,phishing
NON_URL_TRANSACTION_PLACEHOLDER,1534.63,Debit,26.0,17339.87,Dhaka,0,legit
NON_URL_TRANSACTION_PLACEHOLDER,720.5788695652175,Debit,38.023768115942026,7668.199707246376,Chittagong,1,phishing
NON_URL_TRANSACTION_PLACEHOLDER,2432.13,Debit,69.0,33577.83,Sylhet,0,legit
NON_URL_TRANSACTION_PLACEHOLDER,3205.43,Debit,68.0,20083.67,Khulna,0,legit
NON_URL_TRANSACTION_PLACEHOLDER,3521.98,Credit,41.0,25150.91,Barisal,0,legit
NON_URL_TRANSACTION_PLACEHOLDER,3733.45,Debit,49.0,3904.56,Barisal,0,legit
http://skriII.c0m,0.49,Debit,19.0,150.0,Chittagong,1,adversarial
https://bankofamerica.com,9.99,Debit,60.0,300.0,Khulna,1,adversarial
NON_URL_TRANSACTION_PLACEHOLDER,3317.78,Debit,50.0,37379.61,Barisal,0,legit
NON_URL_TRANSACTION_PLACEHOLDER,4596.17,Credit,53.0,44619.18,Khulna,0,legit
NON_URL_TRANSACTION_PLACEHOLDER,720.5788695652175,Debit,38.023768115942026,7668.199707246376,Chittagong,1,phishing
NON_URL_TRANSACTION_PLACEHOLDER,2750.63,Debit,39.0,768.19,Dhaka,0,legit
NON_URL_TRANSACTION_PLACEHOLDER,1053.21,Debit,61.0,38017.47,Sylhet,0,legit
NON_URL_TRANSACTION_PLACEHOLDER,3268.75,Debit,63.0,10421.06,Sylhet,0,legit
http://paypal.com,4.99,Debit,35.0,1200.0,Sylhet,1,adversarial
http://paypal.com,4.99,Debit,35.0,1200.0,Sylhet,1,adversarial
NON_URL_TRANSACTION_PLACEHOLDER,720.5788695652175,Debit,38.023768115942026,7668.199707246376,Chittagong,1,phishing
NON_URL_TRANSACTION_PLACEHOLDER,2241.28,Credit,43.0,26049.16,Rajshahi,0,legit
NON_URL_TRANSACTION_PLACEHOLDER,500.36,Credit,62.0,20422.04,Rajshahi,0,legit
https://bankofamerica.com,9.99,Debit,60.0,300.0,Khulna,1,adversarial
NON_URL_TRANSACTION_PLACEHOLDER,629.78,Credit,36.0,26214.24,Dhaka,0,legit
https://b@nk0f@meric@.c0m,9.99,Debit,60.0,300.0,Khulna,1,adversarial
NON_URL_TRANSACTION_PLACEHOLDER,661.1,Debit,57.0,40998.29,Barisal,0,legit
https://apple pay.com,1.99,Debit,22.0,500.0,Chittagong,1,adversarial
NON_URL_TRANSACTION_PLACEHOLDER,720.5788695652175,Debit,38.023768115942026,7668.199707246376,Chittagong,1,phishing
http://apple pay.com,1.99,Debit,22.0,500.0,Chittagong,1,adversarial
NON_URL_TRANSACTION_PLACEHOLDER,2073.63,Credit,32.0,35710.3,Barisal,0,legit
https://bankofamerica.com,9.99,Debit,60.0,300.0,Khulna,1,adversarial
NON_URL_TRANSACTION_PLACEHOLDER,1166.34,Credit,41.0,30640.81,Khulna,0,legit
NON_URL_TRANSACTION_PLACEHOLDER,720.5788695652175,Debit,38.023768115942026,7668.199707246376,Chittagong,1,phishing
NON_URL_TRANSACTION_PLACEHOLDER,743.24,Debit,68.0,36852.25,Barisal,0,legit
NON_URL_TRANSACTION_PLACEHOLDER,3641.54,Credit,19.0,292.48,Rajshahi,0,legit
http://p@yp@I.c0m,4.99,Debit,35.0,1200.0,Sylhet,1,adversarial
NON_URL_TRANSACTION_PLACEHOLDER,2768.01,Debit,43.0,48431.96,Rajshahi,0,legit
NON_URL_TRANSACTION_PLACEHOLDER,2813.53,Debit,70.0,19185.94,Sylhet,0,legit
NON_URL_TRANSACTION_PLACEHOLDER,720.5788695652175,Debit,38.023768115942026,7668.199707246376,Chittagong,1,phishing
NON_URL_TRANSACTION_PLACEHOLDER,1080.61,Debit,51.0,44507.8,Chittagong,0,legit
NON_URL_TRANSACTION_PLACEHOLDER,4165.68,Debit,41.0,47432.47,Khulna,0,legit
https://bankofamerica.com,9.99,Debit,60.0,300.0,Khulna,1,adversarial
NON_URL_TRANSACTION_PLACEHOLDER,823.41,Debit,21.0,10254.0,Khulna,0,legit
http://apple pay.com,1.99,Debit,22.0,500.0,Chittagong,1,adversarial
http://paypal.com,1.99,Debit,35.0,1200.0,Sylhet,1,adversarial
NON_URL_TRANSACTION_PLACEHOLDER,2235.23,Debit,58.0,1236.59,Barisal,0,legit
NON_URL_TRANSACTION_PLACEHOLDER,720.5788695652175,Debit,38.023768115942026,7668.199707246376,Chittagong,1,phishing
NON_URL_TRANSACTION_PLACEHOLDER,2494.59,Debit,52.0,45148.19,Sylhet,0,legit
http://paypal.com,4.99,Debit,35.0,1200.0,Sylhet,1,adversarial
https://paypal.com,4.99,Debit,35.0,1200.0,Sylhet,1,adversarial
NON_URL_TRANSACTION_PLACEHOLDER,2621.43,Debit,34.0,24958.02,Khulna,0,legit
NON_URL_TRANSACTION_PLACEHOLDER,1637.85,Debit,46.0,17748.59,Chittagong,0,legit
https://bankofamerica.com,5.0,Debit,60.0,300.0,Khulna,1,adversarial
http://apple pay.com,1.99,Debit,22.0,500.0,Chittagong,1,adversarial
NON_URL_TRANSACTION_PLACEHOLDER,2911.32,Debit,50.0,1545.6,Sylhet,0,legit
https://apple pay.com,1.99,Debit,22.0,500.0,Chittagong,1,adversarial
NON_URL_TRANSACTION_PLACEHOLDER,2898.72,Credit,22.0,48563.32,Sylhet,0,legit
http://@ppIe p@y.c0m,1.99,Debit,22.0,500.0,Chittagong,1,adversarial
NON_URL_TRANSACTION_PLACEHOLDER,720.5788695652175,Debit,38.023768115942026,7668.199707246376,Chittagong,1,phishing
https://skrill.com,0.49,Debit,19.0,150.0,Chittagong,1,adversarial
NON_URL_TRANSACTION_PLACEHOLDER,3496.21,Credit,23.0,37889.62,Barisal,0,legit
NON_URL_TRANSACTION_PLACEHOLDER,543.03,Debit,51.0,34484.21,Chittagong,0,legit
NON_URL_TRANSACTION_PLACEHOLDER,3627.35,Credit,74.0,15909.61,Chittagong,0,legit
https://bankofamerica.com,9.99,Debit,60.0,300.0,Khulna,1,adversarial
http://skrill.com,0.49,Debit,19.0,150.0,Chittagong,1,adversarial
NON_URL_TRANSACTION_PLACEHOLDER,720.5788695652175,Debit,38.023768115942026,7668.199707246376,Chittagong,1,phishing
NON_URL_TRANSACTION_PLACEHOLDER,4749.38,Debit,44.0,4453.29,Dhaka,0,legit
NON_URL_TRANSACTION_PLACEHOLDER,720.5788695652175,Debit,38.023768115942026,7668.199707246376,Chittagong,1,phishing
http://apple pay.com,1.99,Debit,22.0,500.0,Chittagong,1,adversarial
http://skriII.c0m,0.49,Debit,19.0,150.0,Chittagong,1,adversarial
NON_URL_TRANSACTION_PLACEHOLDER,1489.19,Credit,48.0,31670.11,Sylhet,0,legit
NON_URL_TRANSACTION_PLACEHOLDER,4509.4,Debit,68.0,46710.98,Sylhet,0,legit
http://skrill.com,0.49,Debit,19.0,150.0,Chittagong,1,adversarial
NON_URL_TRANSACTION_PLACEHOLDER,3550.9,Debit,72.0,30085.31,Rajshahi,0,legit
http://paypal.com,4.99,Debit,35.0,1200.0,Sylhet,1,adversarial
http://apple pay.com,1.99,Debit,22.0,500.0,Chittagong,1,adversarial
NON_URL_TRANSACTION_PLACEHOLDER,302.9,Debit,42.0,49363.23,Rajshahi,0,legit
https://b@nk0f@meric@.c0m,9.99,Debit,60.0,300.0,Khulna,1,adversarial
https://skrill.com,0.49,Debit,19.0,150.0,Chittagong,1,adversarial
NON_URL_TRANSACTION_PLACEHOLDER,2431.1,Credit,45.0,39597.44,Khulna,0,legit
NON_URL_TRANSACTION_PLACEHOLDER,1502.62,Credit,69.0,24687.87,Barisal,0,legit
https://bankofamerica.com,9.99,Debit,60.0,300.0,Khulna,1,adversarial
NON_URL_TRANSACTION_PLACEHOLDER,2312.78,Debit,39.0,34026.02,Barisal,0,legit
NON_URL_TRANSACTION_PLACEHOLDER,3689.18,Debit,58.0,36554.45,Barisal,0,legit
NON_URL_TRANSACTION_PLACEHOLDER,720.5788695652175,Debit,38.023768115942026,7668.199707246376,Chittagong,1,phishing
https://paypal.com,4.99,Debit,35.0,1200.0,Sylhet,1,adversarial
https://bankofamerica.com,9.99,Debit,60.0,300.0,Khulna,1,adversarial
NON_URL_TRANSACTION_PLACEHOLDER,720.5788695652175,Debit,38.023768115942026,7668.199707246376,Chittagong,1,phishing
NON_URL_TRANSACTION_PLACEHOLDER,4723.25,Debit,29.0,9418.77,Rajshahi,0,legit
NON_URL_TRANSACTION_PLACEHOLDER,147.14,Debit,52.0,47064.78,Rajshahi,0,legit
NON_URL_TRANSACTION_PLACEHOLDER,3511.11,Credit,67.0,12752.35,Chittagong,0,legit
https://b@nk0f@meric@.c0m,9.99,Debit,60.0,300.0,Khulna,1,adversarial
https://bankofamerica.com,9.99,Debit,60.0,300.0,Khulna,1,adversarial
NON_URL_TRANSACTION_PLACEHOLDER,4243.91,Credit,52.0,25448.58,Rajshahi,0,legit
NON_URL_TRANSACTION_PLACEHOLDER,490.54,Debit,27.0,16980.87,Dhaka,0,legit
NON_URL_TRANSACTION_PLACEHOLDER,1902.16,Debit,36.0,37541.54,Rajshahi,0,legit
NON_URL_TRANSACTION_PLACEHOLDER,720.5788695652175,Debit,38.023768115942026,7668.199707246376,Chittagong,1,phishing
NON_URL_TRANSACTION_PLACEHOLDER,720.5788695652175,Debit,38.023768115942026,7668.199707246376,Chittagong,1,phishing
NON_URL_TRANSACTION_PLACEHOLDER,3689.09,Credit,72.0,27276.72,Sylhet,0,legit
https://bankofamerica.com,9.99,Debit,60.0,300.0,Khulna,1,adversarial
http://skrill.com,0.49,Debit,19.0,150.0,Chittagong,1,adversarial
http://apple pay.com,1.99,Debit,22.0,500.0,Chittagong,1,adversarial
NON_URL_TRANSACTION_PLACEHOLDER,2323.69,Debit,70.0,2832.06,Barisal,0,legit
NON_URL_TRANSACTION_PLACEHOLDER,1805.3,Credit,24.0,5027.58,Chittagong,0,legit
http://skrill.com,5.0,Debit,19.0,150.0,Chittagong,1,adversarial
https://bankofamerica.com,9.99,Debit,60.0,300.0,Khulna,1,adversarial
https://bankofamerica.com,9.99,Debit,60.0,300.0,Khulna,1,adversarial
NON_URL_TRANSACTION_PLACEHOLDER,1526.68,Credit,34.0,47355.59,Chittagong,0,legit
NON_URL_TRANSACTION_PLACEHOLDER,720.5788695652175,Debit,38.023768115942026,7668.199707246376,Chittagong,1,phishing
NON_URL_TRANSACTION_PLACEHOLDER,2909.72,Debit,73.0,27189.86,Rajshahi,0,legit
https://apple pay.com,1.99,Debit,22.0,500.0,Chittagong,1,adversarial
https://bankofamerica.com,9.99,Debit,60.0,300.0,Khulna,1,adversarial
http://apple pay.com,1.99,Debit,22.0,500.0,Chittagong,1,adversarial
http://skrill.com,9.99,Debit,19.0,150.0,Chittagong,1,adversarial
NON_URL_TRANSACTION_PLACEHOLDER,2142.07,Credit,72.0,2695.15,Barisal,0,legit
http://paypal.com,4.99,Debit,35.0,1200.0,Sylhet,1,adversarial
NON_URL_TRANSACTION_PLACEHOLDER,4128.28,Debit,47.0,47637.0,Dhaka,0,legit
NON_URL_TRANSACTION_PLACEHOLDER,1439.18,Debit,26.0,5407.37,Sylhet,0,legit
NON_URL_TRANSACTION_PLACEHOLDER,4199.98,Credit,69.0,28069.62,Dhaka,0,legit
NON_URL_TRANSACTION_PLACEHOLDER,4426.43,Debit,36.0,24433.67,Barisal,0,legit
NON_URL_TRANSACTION_PLACEHOLDER,720.5788695652175,Debit,38.023768115942026,7668.199707246376,Chittagong,1,phishing
NON_URL_TRANSACTION_PLACEHOLDER,4333.63,Debit,22.0,29117.6,Dhaka,0,legit
http://p@yp@I.c0m,4.99,Debit,35.0,1200.0,Sylhet,1,adversarial
NON_URL_TRANSACTION_PLACEHOLDER,3985.03,Debit,49.0,46090.41,Chittagong,0,legit
NON_URL_TRANSACTION_PLACEHOLDER,2868.01,Credit,39.0,6622.2,Barisal,0,legit
NON_URL_TRANSACTION_PLACEHOLDER,2842.16,Credit,67.0,47512.97,Rajshahi,0,legit
NON_URL_TRANSACTION_PLACEHOLDER,720.5788695652175,Debit,38.023768115942026,7668.199707246376,Chittagong,1,phishing
NON_URL_TRANSACTION_PLACEHOLDER,94.57,Debit,42.0,43441.01,Barisal,0,legit
NON_URL_TRANSACTION_PLACEHOLDER,3993.81,Debit,20.0,2043.57,Sylhet,0,legit
https://bankofamerica.com,9.99,Debit,60.0,300.0,Khulna,1,adversarial
NON_URL_TRANSACTION_PLACEHOLDER,4207.78,Credit,34.0,16966.29,Khulna,0,legit
NON_URL_TRANSACTION_PLACEHOLDER,1946.11,Credit,33.0,16718.71,Dhaka,0,legit
https://bankofamerica.com,9.99,Debit,60.0,300.0,Khulna,1,adversarial
http://paypal.com,4.99,Debit,35.0,1200.0,Sylhet,1,adversarial
http://@ppIe p@y.c0m,1.99,Debit,22.0,500.0,Chittagong,1,adversarial
NON_URL_TRANSACTION_PLACEHOLDER,1631.27,Debit,44.0,16270.54,Dhaka,0,legit
http://skrill.com,0.49,Debit,19.0,150.0,Chittagong,1,adversarial
NON_URL_TRANSACTION_PLACEHOLDER,1081.51,Debit,64.0,1409.22,Barisal,0,legit
NON_URL_TRANSACTION_PLACEHOLDER,4566.0,Credit,24.0,37290.16,Chittagong,0,legit
http://skrill.com,0.49,Debit,19.0,150.0,Chittagong,1,adversarial
NON_URL_TRANSACTION_PLACEHOLDER,3490.41,Debit,28.0,6787.54,Chittagong,0,legit
https://bankofamerica.com,9.99,Debit,60.0,300.0,Khulna,1,adversarial
NON_URL_TRANSACTION_PLACEHOLDER,720.5788695652175,Debit,38.023768115942026,7668.199707246376,Chittagong,1,phishing
NON_URL_TRANSACTION_PLACEHOLDER,3157.95,Credit,34.0,44360.38,Khulna,0,legit
NON_URL_TRANSACTION_PLACEHOLDER,4468.07,Debit,59.0,26498.68,Dhaka,0,legit
NON_URL_TRANSACTION_PLACEHOLDER,2054.38,Credit,57.0,46845.29,Barisal,0,legit
https://bankofamerica.com,9.99,Debit,60.0,300.0,Khulna,1,adversarial
NON_URL_TRANSACTION_PLACEHOLDER,720.5788695652175,Debit,38.023768115942026,7668.199707246376,Chittagong,1,phishing
NON_URL_TRANSACTION_PLACEHOLDER,3532.74,Debit,35.0,26634.9,Barisal,0,legit
NON_URL_TRANSACTION_PLACEHOLDER,1731.28,Debit,32.0,13945.35,Chittagong,0,legit
http://apple pay.com,1.99,Debit,22.0,500.0,Chittagong,1,adversarial
NON_URL_TRANSACTION_PLACEHOLDER,720.5788695652175,Debit,38.023768115942026,7668.199707246376,Chittagong,1,phishing
http://@ppIe p@y.c0m,1.99,Debit,22.0,500.0,Chittagong,1,adversarial
https://bankofamerica.com,9.99,Debit,60.0,300.0,Khulna,1,adversarial
NON_URL_TRANSACTION_PLACEHOLDER,1843.5,Debit,32.0,8016.48,Barisal,0,legit
NON_URL_TRANSACTION_PLACEHOLDER,3836.21,Debit,73.0,28950.96,Khulna,0,legit
NON_URL_TRANSACTION_PLACEHOLDER,1708.9,Credit,48.0,46038.44,Sylhet,0,legit
NON_URL_TRANSACTION_PLACEHOLDER,3861.45,Debit,28.0,34447.87,Dhaka,0,legit
NON_URL_TRANSACTION_PLACEHOLDER,948.09,Credit,73.0,27889.33,Sylhet,0,legit
NON_URL_TRANSACTION_PLACEHOLDER,210.59,Debit,71.0,19858.08,Dhaka,0,legit
http://paypal.com,4.99,Debit,35.0,1200.0,Sylhet,1,adversarial
NON_URL_TRANSACTION_PLACEHOLDER,2101.74,Debit,64.0,21717.38,Barisal,0,legit
https://bankofamerica.com,9.99,Debit,60.0,300.0,Khulna,1,adversarial
NON_URL_TRANSACTION_PLACEHOLDER,3599.93,Credit,30.0,24448.29,Rajshahi,0,legit
NON_URL_TRANSACTION_PLACEHOLDER,720.5788695652175,Debit,38.023768115942026,7668.199707246376,Chittagong,1,phishing
https://bankofamerica.com,9.99,Debit,60.0,300.0,Khulna,1,adversarial
NON_URL_TRANSACTION_PLACEHOLDER,408.95,Debit,72.0,29510.77,Sylhet,0,legit
https://b@nk0f@meric@.c0m,9.99,Debit,60.0,300.0,Khulna,1,adversarial
https://b@nk0f@meric@.c0m,9.99,Debit,60.0,300.0,Khulna,1,adversarial
http://paypal.com,4.99,Debit,35.0,1200.0,Sylhet,1,adversarial
NON_URL_TRANSACTION_PLACEHOLDER,3322.6,Credit,49.0,28870.87,Rajshahi,0,legit
https://b@nk0f@meric@.c0m,9.99,Debit,60.0,300.0,Khulna,1,adversarial
http://skrill.com,0.49,Debit,19.0,150.0,Chittagong,1,adversarial
http://paypal.com,4.99,Debit,35.0,1200.0,Sylhet,1,adversarial
http://apple pay.com,1.99,Debit,22.0,500.0,Chittagong,1,adversarial
NON_URL_TRANSACTION_PLACEHOLDER,1775.31,Debit,32.0,7054.67,Barisal,0,legit
NON_URL_TRANSACTION_PLACEHOLDER,7.69,Debit,44.0,44267.47,Chittagong,0,legit
http://paypal.com,4.99,Debit,35.0,1200.0,Sylhet,1,adversarial
http://skrill.com,0.49,Debit,19.0,150.0,Chittagong,1,adversarial
NON_URL_TRANSACTION_PLACEHOLDER,36.27,Debit,69.0,18276.23,Khulna,0,legit
NON_URL_TRANSACTION_PLACEHOLDER,264.55,Credit,44.0,195.21,Dhaka,0,legit
http://@ppIe p@y.c0m,1.99,Debit,22.0,500.0,Chittagong,1,adversarial
NON_URL_TRANSACTION_PLACEHOLDER,1157.6,Credit,22.0,20051.95,Sylhet,0,legit
https://b@nk0f@meric@.c0m,9.99,Debit,60.0,300.0,Khulna,1,adversarial
http://apple pay.com,1.99,Debit,22.0,500.0,Chittagong,1,adversarial
http://apple pay.com,9.99,Debit,22.0,500.0,Chittagong,1,adversarial
NON_URL_TRANSACTION_PLACEHOLDER,1893.31,Credit,52.0,40090.01,Dhaka,0,legit
NON_URL_TRANSACTION_PLACEHOLDER,200.71,Credit,68.0,4315.06,Chittagong,0,legit
NON_URL_TRANSACTION_PLACEHOLDER,1547.53,Debit,33.0,7344.87,Rajshahi,0,legit
NON_URL_TRANSACTION_PLACEHOLDER,249.4,Debit,56.0,42205.96,Sylhet,0,legit
https://paypal.com,4.99,Debit,35.0,1200.0,Sylhet,1,adversarial
https://bankofamerica.com,9.99,Debit,60.0,300.0,Khulna,1,adversarial
NON_URL_TRANSACTION_PLACEHOLDER,1121.94,Credit,68.0,4217.04,Barisal,0,legit
NON_URL_TRANSACTION_PLACEHOLDER,936.56,Credit,34.0,15174.38,Chittagong,0,legit
NON_URL_TRANSACTION_PLACEHOLDER,2169.64,Credit,36.0,28774.6,Barisal,0,legit
NON_URL_TRANSACTION_PLACEHOLDER,4674.42,Debit,45.0,40608.62,Sylhet,0,legit
NON_URL_TRANSACTION_PLACEHOLDER,2439.52,Debit,52.0,10141.79,Sylhet,0,legit
NON_URL_TRANSACTION_PLACEHOLDER,38.29,Debit,46.0,3805.54,Sylhet,0,legit
NON_URL_TRANSACTION_PLACEHOLDER,1754.03,Credit,33.0,6000.92,Khulna,0,legit
https://skrill.com,0.49,Debit,19.0,150.0,Chittagong,1,adversarial
https://skrill.com,0.49,Debit,19.0,150.0,Chittagong,1,adversarial
NON_URL_TRANSACTION_PLACEHOLDER,4049.46,Credit,75.0,12349.52,Rajshahi,0,legit
https://b@nk0f@meric@.c0m,9.99,Debit,60.0,300.0,Khulna,1,adversarial
http://paypal.com,1.99,Debit,35.0,1200.0,Sylhet,1,adversarial
NON_URL_TRANSACTION_PLACEHOLDER,3196.64,Debit,45.0,24305.88,Chittagong,0,legit
NON_URL_TRANSACTION_PLACEHOLDER,4084.31,Credit,58.0,49770.82,Rajshahi,0,legit
NON_URL_TRANSACTION_PLACEHOLDER,720.5788695652175,Debit,38.023768115942026,7668.199707246376,Chittagong,1,phishing
NON_URL_TRANSACTION_PLACEHOLDER,3373.48,Credit,37.0,12882.23,Barisal,0,legit
NON_URL_TRANSACTION_PLACEHOLDER,2492.38,Debit,35.0,38306.56,Chittagong,0,legit
http://skrill.com,0.49,Debit,19.0,150.0,Chittagong,1,adversarial
NON_URL_TRANSACTION_PLACEHOLDER,1023.09,Debit,51.0,32227.28,Khulna,0,legit
NON_URL_TRANSACTION_PLACEHOLDER,3496.19,Debit,71.0,35346.31,Chittagong,0,legit
NON_URL_TRANSACTION_PLACEHOLDER,1590.6,Credit,53.0,15331.85,Rajshahi,0,legit
https://bankofamerica.com,9.99,Debit,60.0,300.0,Khulna,1,adversarial
NON_URL_TRANSACTION_PLACEHOLDER,4067.58,Credit,74.0,23812.66,Barisal,0,legit
NON_URL_TRANSACTION_PLACEHOLDER,3091.45,Debit,24.0,36582.53,Khulna,0,legit
NON_URL_TRANSACTION_PLACEHOLDER,720.5788695652175,Debit,38.023768115942026,7668.199707246376,Chittagong,1,phishing
NON_URL_TRANSACTION_PLACEHOLDER,3959.37,Debit,70.0,38884.46,Barisal,0,legit
http://paypal.com,4.99,Debit,35.0,1200.0,Sylhet,1,adversarial
NON_URL_TRANSACTION_PLACEHOLDER,720.5788695652175,Debit,38.023768115942026,7668.199707246376,Chittagong,1,phishing
http://apple pay.com,5.0,Debit,22.0,500.0,Chittagong,1,adversarial
https://bankofamerica.com,9.99,Debit,60.0,300.0,Khulna,1,adversarial
NON_URL_TRANSACTION_PLACEHOLDER,720.5788695652175,Debit,38.023768115942026,7668.199707246376,Chittagong,1,phishing
http://skrill.com,0.49,Debit,19.0,150.0,Chittagong,1,adversarial
NON_URL_TRANSACTION_PLACEHOLDER,4761.98,Debit,64.0,13256.06,Barisal,0,legit
NON_URL_TRANSACTION_PLACEHOLDER,720.5788695652175,Debit,38.023768115942026,7668.199707246376,Chittagong,1,phishing
NON_URL_TRANSACTION_PLACEHOLDER,720.5788695652175,Debit,38.023768115942026,7668.199707246376,Chittagong,1,phishing
NON_URL_TRANSACTION_PLACEHOLDER,2568.91,Credit,57.0,16515.21,Barisal,0,legit
http://skrill.com,0.49,Debit,19.0,150.0,Chittagong,1,adversarial
http://paypal.com,4.99,Debit,35.0,1200.0,Sylhet,1,adversarial
NON_URL_TRANSACTION_PLACEHOLDER,720.5788695652175,Debit,38.023768115942026,7668.199707246376,Chittagong,1,phishing
NON_URL_TRANSACTION_PLACEHOLDER,2056.44,Debit,19.0,3020.51,Sylhet,0,legit
NON_URL_TRANSACTION_PLACEHOLDER,1330.38,Debit,64.0,41592.46,Chittagong,0,legit
NON_URL_TRANSACTION_PLACEHOLDER,720.5788695652175,Debit,38.023768115942026,7668.199707246376,Chittagong,1,phishing
NON_URL_TRANSACTION_PLACEHOLDER,846.48,Credit,52.0,22031.86,Sylhet,0,legit
NON_URL_TRANSACTION_PLACEHOLDER,2375.23,Credit,56.0,44239.89,Barisal,0,legit
http://paypal.com,4.99,Debit,35.0,1200.0,Sylhet,1,adversarial
NON_URL_TRANSACTION_PLACEHOLDER,899.76,Debit,20.0,28372.67,Khulna,0,legit
http://paypal.com,4.99,Debit,35.0,1200.0,Sylhet,1,adversarial
NON_URL_TRANSACTION_PLACEHOLDER,1085.4,Debit,57.0,4203.26,Khulna,0,legit
NON_URL_TRANSACTION_PLACEHOLDER,3100.6,Credit,44.0,35882.09,Rajshahi,0,legit
http://@ppIe p@y.c0m,1.99,Debit,22.0,500.0,Chittagong,1,adversarial
NON_URL_TRANSACTION_PLACEHOLDER,4852.79,Credit,47.0,29642.71,Rajshahi,0,legit
http://skriII.c0m,0.49,Debit,19.0,150.0,Chittagong,1,adversarial
NON_URL_TRANSACTION_PLACEHOLDER,497.53,Debit,73.0,40732.07,Barisal,0,legit
http://apple pay.com,1.99,Debit,22.0,500.0,Chittagong,1,adversarial
NON_URL_TRANSACTION_PLACEHOLDER,3844.95,Debit,59.0,29034.11,Dhaka,0,legit
NON_URL_TRANSACTION_PLACEHOLDER,720.5788695652175,Debit,38.023768115942026,7668.199707246376,Chittagong,1,phishing
http://paypal.com,4.99,Debit,35.0,1200.0,Sylhet,1,adversarial
http://p@yp@I.c0m,4.99,Debit,35.0,1200.0,Sylhet,1,adversarial
NON_URL_TRANSACTION_PLACEHOLDER,774.43,Debit,71.0,49747.65,Dhaka,0,legit
http://paypal.com,9.99,Debit,35.0,1200.0,Sylhet,1,adversarial
http://apple pay.com,1.99,Debit,22.0,500.0,Chittagong,1,adversarial
NON_URL_TRANSACTION_PLACEHOLDER,4210.33,Debit,33.0,45042.54,Rajshahi,0,legit
NON_URL_TRANSACTION_PLACEHOLDER,2183.95,Debit,35.0,11182.51,Chittagong,0,legit
NON_URL_TRANSACTION_PLACEHOLDER,4748.48,Debit,74.0,46706.73,Chittagong,0,legit
NON_URL_TRANSACTION_PLACEHOLDER,4458.84,Debit,55.0,22190.04,Barisal,0,legit
http://skrill.com,0.49,Debit,19.0,150.0,Chittagong,1,adversarial
NON_URL_TRANSACTION_PLACEHOLDER,1994.65,Debit,18.0,36924.31,Rajshahi,0,legit
NON_URL_TRANSACTION_PLACEHOLDER,4934.03,Credit,38.0,41639.06,Khulna,0,legit
NON_URL_TRANSACTION_PLACEHOLDER,85.1,Credit,55.0,23320.76,Sylhet,0,legit
NON_URL_TRANSACTION_PLACEHOLDER,4151.08,Credit,73.0,9919.58,Chittagong,0,legit
NON_URL_TRANSACTION_PLACEHOLDER,158.91,Debit,20.0,39502.26,Sylhet,0,legit
NON_URL_TRANSACTION_PLACEHOLDER,1784.89,Credit,58.0,23603.79,Chittagong,0,legit
NON_URL_TRANSACTION_PLACEHOLDER,2684.96,Credit,64.0,7956.16,Dhaka,0,legit
NON_URL_TRANSACTION_PLACEHOLDER,2869.93,Credit,59.0,38366.23,Sylhet,0,legit
NON_URL_TRANSACTION_PLACEHOLDER,2952.69,Debit,51.0,832.54,Chittagong,0,legit
https://bankofamerica.com,5.0,Debit,60.0,300.0,Khulna,1,adversarial
NON_URL_TRANSACTION_PLACEHOLDER,720.5788695652175,Debit,38.023768115942026,7668.199707246376,Chittagong,1,phishing
NON_URL_TRANSACTION_PLACEHOLDER,2108.82,Debit,28.0,24617.79,Khulna,0,legit
NON_URL_TRANSACTION_PLACEHOLDER,3118.62,Credit,51.0,29547.45,Chittagong,0,legit
NON_URL_TRANSACTION_PLACEHOLDER,3069.63,Credit,22.0,5445.78,Barisal,0,legit
NON_URL_TRANSACTION_PLACEHOLDER,916.91,Debit,44.0,46836.03,Chittagong,0,legit
NON_URL_TRANSACTION_PLACEHOLDER,720.5788695652175,Debit,38.023768115942026,7668.199707246376,Chittagong,1,phishing
http://p@yp@I.c0m,4.99,Debit,35.0,1200.0,Sylhet,1,adversarial
http://@ppIe p@y.c0m,1.99,Debit,22.0,500.0,Chittagong,1,adversarial
NON_URL_TRANSACTION_PLACEHOLDER,3402.15,Debit,55.0,10891.08,Rajshahi,0,legit
NON_URL_TRANSACTION_PLACEHOLDER,578.19,Credit,41.0,12271.16,Dhaka,0,legit
https://bankofamerica.com,0.49,Debit,60.0,300.0,Khulna,1,adversarial
NON_URL_TRANSACTION_PLACEHOLDER,720.5788695652175,Debit,38.023768115942026,7668.199707246376,Chittagong,1,phishing
NON_URL_TRANSACTION_PLACEHOLDER,1880.34,Debit,18.0,24982.1,Khulna,0,legit
NON_URL_TRANSACTION_PLACEHOLDER,4702.14,Credit,59.0,22801.12,Chittagong,0,legit
NON_URL_TRANSACTION_PLACEHOLDER,171.53,Credit,65.0,28560.35,Rajshahi,0,legit
NON_URL_TRANSACTION_PLACEHOLDER,1275.58,Credit,69.0,13994.28,Barisal,0,legit
https://bankofamerica.com,9.99,Debit,60.0,300.0,Khulna,1,adversarial
NON_URL_TRANSACTION_PLACEHOLDER,1825.59,Credit,25.0,27862.16,Khulna,0,legit
https://skrill.com,0.49,Debit,19.0,150.0,Chittagong,1,adversarial
NON_URL_TRANSACTION_PLACEHOLDER,2739.82,Debit,30.0,47161.79,Rajshahi,0,legit
NON_URL_TRANSACTION_PLACEHOLDER,2821.64,Credit,31.0,30126.56,Khulna,0,legit
NON_URL_TRANSACTION_PLACEHOLDER,975.31,Debit,60.0,47654.29,Rajshahi,0,legit
https://bankofamerica.com,9.99,Debit,60.0,300.0,Khulna,1,adversarial
NON_URL_TRANSACTION_PLACEHOLDER,2684.7,Debit,51.0,1626.48,Dhaka,0,legit
NON_URL_TRANSACTION_PLACEHOLDER,720.5788695652175,Debit,38.023768115942026,7668.199707246376,Chittagong,1,phishing
NON_URL_TRANSACTION_PLACEHOLDER,2420.12,Credit,36.0,43560.89,Khulna,0,legit
NON_URL_TRANSACTION_PLACEHOLDER,720.5788695652175,Debit,38.023768115942026,7668.199707246376,Chittagong,1,phishing
NON_URL_TRANSACTION_PLACEHOLDER,4146.49,Credit,24.0,8366.94,Dhaka,0,legit
NON_URL_TRANSACTION_PLACEHOLDER,4830.98,Debit,23.0,46468.2,Dhaka,0,legit
http://skrill.com,0.49,Debit,19.0,150.0,Chittagong,1,adversarial
http://skriII.c0m,0.49,Debit,19.0,150.0,Chittagong,1,adversarial
NON_URL_TRANSACTION_PLACEHOLDER,720.5788695652175,Debit,38.023768115942026,7668.199707246376,Chittagong,1,phishing
http://apple pay.com,1.99,Debit,22.0,500.0,Chittagong,1,adversarial
NON_URL_TRANSACTION_PLACEHOLDER,1086.19,Credit,54.0,43080.81,Chittagong,0,legit
http://paypal.com,5.0,Debit,35.0,1200.0,Sylhet,1,adversarial
http://p@yp@I.c0m,4.99,Debit,35.0,1200.0,Sylhet,1,adversarial
NON_URL_TRANSACTION_PLACEHOLDER,4281.09,Credit,46.0,42769.43,Sylhet,0,legit
NON_URL_TRANSACTION_PLACEHOLDER,614.04,Debit,24.0,23391.72,Sylhet,0,legit
NON_URL_TRANSACTION_PLACEHOLDER,4004.07,Debit,60.0,2398.1,Dhaka,0,legit
https://bankofamerica.com,9.99,Debit,60.0,300.0,Khulna,1,adversarial
http://skrill.com,5.0,Debit,19.0,150.0,Chittagong,1,adversarial
NON_URL_TRANSACTION_PLACEHOLDER,720.5788695652175,Debit,38.023768115942026,7668.199707246376,Chittagong,1,phishing
NON_URL_TRANSACTION_PLACEHOLDER,4517.85,Credit,53.0,18602.3,Barisal,0,legit
NON_URL_TRANSACTION_PLACEHOLDER,500.35,Debit,75.0,27110.64,Sylhet,0,legit
NON_URL_TRANSACTION_PLACEHOLDER,720.5788695652175,Debit,38.023768115942026,7668.199707246376,Chittagong,1,phishing
http://paypal.com,4.99,Debit,35.0,1200.0,Sylhet,1,adversarial
http://paypal.com,4.99,Debit,35.0,1200.0,Sylhet,1,adversarial
NON_URL_TRANSACTION_PLACEHOLDER,1849.53,Debit,18.0,38566.07,Barisal,0,legit
NON_URL_TRANSACTION_PLACEHOLDER,720.5788695652175,Debit,38.023768115942026,7668.199707246376,Chittagong,1,phishing
NON_URL_TRANSACTION_PLACEHOLDER,2251.32,Debit,52.0,3361.99,Chittagong,0,legit
NON_URL_TRANSACTION_PLACEHOLDER,3101.69,Credit,27.0,3200.54,Chittagong,0,legit
NON_URL_TRANSACTION_PLACEHOLDER,129.75,Debit,50.0,30480.16,Barisal,0,legit
NON_URL_TRANSACTION_PLACEHOLDER,165.81,Debit,57.0,41038.37,Khulna,0,legit
NON_URL_TRANSACTION_PLACEHOLDER,3473.15,Credit,56.0,16754.01,Barisal,0,legit
NON_URL_TRANSACTION_PLACEHOLDER,1460.66,Credit,28.0,24442.69,Rajshahi,0,legit
http://skrill.com,0.49,Debit,19.0,150.0,Chittagong,1,adversarial
http://skrill.com,5.0,Debit,19.0,150.0,Chittagong,1,adversarial
https://b@nk0f@meric@.c0m,9.99,Debit,60.0,300.0,Khulna,1,adversarial
NON_URL_TRANSACTION_PLACEHOLDER,1884.57,Debit,66.0,11315.49,Barisal,0,legit
NON_URL_TRANSACTION_PLACEHOLDER,1618.71,Debit,21.0,339.31,Dhaka,0,legit
NON_URL_TRANSACTION_PLACEHOLDER,3843.04,Debit,43.0,33140.11,Khulna,0,legit
https://bankofamerica.com,5.0,Debit,60.0,300.0,Khulna,1,adversarial
NON_URL_TRANSACTION_PLACEHOLDER,720.5788695652175,Debit,38.023768115942026,7668.199707246376,Chittagong,1,phishing
NON_URL_TRANSACTION_PLACEHOLDER,721.22,Debit,44.0,17286.77,Barisal,0,legit
NON_URL_TRANSACTION_PLACEHOLDER,4453.53,Credit,19.0,29062.4,Chittagong,0,legit
NON_URL_TRANSACTION_PLACEHOLDER,720.5788695652175,Debit,38.023768115942026,7668.199707246376,Chittagong,1,phishing
NON_URL_TRANSACTION_PLACEHOLDER,3533.12,Debit,49.0,27788.68,Barisal,0,legit
https://bankofamerica.com,9.99,Debit,60.0,300.0,Khulna,1,adversarial
https://bankofamerica.com,9.99,Debit,60.0,300.0,Khulna,1,adversarial
NON_URL_TRANSACTION_PLACEHOLDER,720.5788695652175,Debit,38.023768115942026,7668.199707246376,Chittagong,1,phishing
NON_URL_TRANSACTION_PLACEHOLDER,720.5788695652175,Debit,38.023768115942026,7668.199707246376,Chittagong,1,phishing
NON_URL_TRANSACTION_PLACEHOLDER,939.79,Credit,31.0,42733.93,Khulna,0,legit
NON_URL_TRANSACTION_PLACEHOLDER,908.24,Credit,66.0,47730.5,Chittagong,0,legit
NON_URL_TRANSACTION_PLACEHOLDER,720.5788695652175,Debit,38.023768115942026,7668.199707246376,Chittagong,1,phishing
NON_URL_TRANSACTION_PLACEHOLDER,720.5788695652175,Debit,38.023768115942026,7668.199707246376,Chittagong,1,phishing
http://skrill.com,0.49,Debit,19.0,150.0,Chittagong,1,adversarial
NON_URL_TRANSACTION_PLACEHOLDER,4752.96,Credit,47.0,744.75,Sylhet,0,legit
NON_URL_TRANSACTION_PLACEHOLDER,1557.44,Credit,29.0,602.63,Chittagong,0,legit
NON_URL_TRANSACTION_PLACEHOLDER,285.15,Debit,38.0,49075.05,Barisal,0,legit
https://apple pay.com,1.99,Debit,22.0,500.0,Chittagong,1,adversarial
NON_URL_TRANSACTION_PLACEHOLDER,3845.12,Credit,22.0,29941.46,Khulna,0,legit
NON_URL_TRANSACTION_PLACEHOLDER,720.5788695652175,Debit,38.023768115942026,7668.199707246376,Chittagong,1,phishing
http://paypal.com,5.0,Debit,35.0,1200.0,Sylhet,1,adversarial
https://apple pay.com,1.99,Debit,22.0,500.0,Chittagong,1,adversarial
NON_URL_TRANSACTION_PLACEHOLDER,1742.12,Debit,23.0,20423.53,Dhaka,0,legit
http://paypal.com,4.99,Debit,35.0,1200.0,Sylhet,1,adversarial
NON_URL_TRANSACTION_PLACEHOLDER,136.79,Credit,26.0,45543.07,Sylhet,0,legit
http://paypal.com,4.99,Debit,35.0,1200.0,Sylhet,1,adversarial
NON_URL_TRANSACTION_PLACEHOLDER,1070.63,Debit,18.0,42697.01,Sylhet,0,legit
NON_URL_TRANSACTION_PLACEHOLDER,1066.84,Credit,42.0,32466.1,Sylhet,0,legit
NON_URL_TRANSACTION_PLACEHOLDER,1103.43,Debit,24.0,43550.36,Rajshahi,0,legit
http://apple pay.com,1.99,Debit,22.0,500.0,Chittagong,1,adversarial
http://apple pay.com,1.99,Debit,22.0,500.0,Chittagong,1,adversarial
NON_URL_TRANSACTION_PLACEHOLDER,1884.76,Debit,70.0,49654.63,Chittagong,0,legit
http://apple pay.com,1.99,Debit,22.0,500.0,Chittagong,1,adversarial
NON_URL_TRANSACTION_PLACEHOLDER,865.85,Debit,33.0,4451.03,Barisal,0,legit
https://bankofamerica.com,9.99,Debit,60.0,300.0,Khulna,1,adversarial
NON_URL_TRANSACTION_PLACEHOLDER,720.5788695652175,Debit,38.023768115942026,7668.199707246376,Chittagong,1,phishing
http://skrill.com,0.49,Debit,19.0,150.0,Chittagong,1,adversarial
http://skrill.com,0.49,Debit,19.0,150.0,Chittagong,1,adversarial
NON_URL_TRANSACTION_PLACEHOLDER,555.43,Debit,34.0,31995.16,Chittagong,0,legit
https://b@nk0f@meric@.c0m,9.99,Debit,60.0,300.0,Khulna,1,adversarial
NON_URL_TRANSACTION_PLACEHOLDER,899.71,Debit,41.0,46631.19,Rajshahi,0,legit
NON_URL_TRANSACTION_PLACEHOLDER,720.5788695652175,Debit,38.023768115942026,7668.199707246376,Chittagong,1,phishing
http://paypal.com,5.0,Debit,35.0,1200.0,Sylhet,1,adversarial
NON_URL_TRANSACTION_PLACEHOLDER,720.5788695652175,Debit,38.023768115942026,7668.199707246376,Chittagong,1,phishing
NON_URL_TRANSACTION_PLACEHOLDER,720.5788695652175,Debit,38.023768115942026,7668.199707246376,Chittagong,1,phishing
http://apple pay.com,1.99,Debit,22.0,500.0,Chittagong,1,adversarial
http://paypal.com,0.49,Debit,35.0,1200.0,Sylhet,1,adversarial
NON_URL_TRANSACTION_PLACEHOLDER,4733.51,Credit,38.0,37430.75,Chittagong,0,legit
NON_URL_TRANSACTION_PLACEHOLDER,2989.32,Debit,53.0,9382.27,Barisal,0,legit
NON_URL_TRANSACTION_PLACEHOLDER,4830.11,Credit,70.0,34836.88,Chittagong,0,legit
NON_URL_TRANSACTION_PLACEHOLDER,720.5788695652175,Debit,38.023768115942026,7668.199707246376,Chittagong,1,phishing
https://bankofamerica.com,9.99,Debit,60.0,300.0,Khulna,1,adversarial
NON_URL_TRANSACTION_PLACEHOLDER,4796.9,Credit,24.0,12715.51,Rajshahi,0,legit
NON_URL_TRANSACTION_PLACEHOLDER,356.6,Credit,62.0,16238.53,Chittagong,0,legit
http://skrill.com,0.49,Debit,19.0,150.0,Chittagong,1,adversarial
NON_URL_TRANSACTION_PLACEHOLDER,3578.7,Credit,39.0,1836.01,Rajshahi,0,legit
https://apple pay.com,1.99,Debit,22.0,500.0,Chittagong,1,adversarial
NON_URL_TRANSACTION_PLACEHOLDER,720.5788695652175,Debit,38.023768115942026,7668.199707246376,Chittagong,1,phishing
NON_URL_TRANSACTION_PLACEHOLDER,720.5788695652175,Debit,38.023768115942026,7668.199707246376,Chittagong,1,phishing
NON_URL_TRANSACTION_PLACEHOLDER,3472.49,Debit,36.0,22179.41,Khulna,0,legit
NON_URL_TRANSACTION_PLACEHOLDER,720.5788695652175,Debit,38.023768115942026,7668.199707246376,Chittagong,1,phishing
NON_URL_TRANSACTION_PLACEHOLDER,720.5788695652175,Debit,38.023768115942026,7668.199707246376,Chittagong,1,phishing
NON_URL_TRANSACTION_PLACEHOLDER,574.3,Credit,38.0,22465.89,Dhaka,0,legit
NON_URL_TRANSACTION_PLACEHOLDER,2945.01,Debit,52.0,32391.13,Rajshahi,0,legit
NON_URL_TRANSACTION_PLACEHOLDER,555.39,Debit,37.0,38661.16,Sylhet,0,legit
NON_URL_TRANSACTION_PLACEHOLDER,1097.31,Debit,48.0,9273.64,Barisal,0,legit
NON_URL_TRANSACTION_PLACEHOLDER,4764.15,Credit,35.0,33388.39,Barisal,0,legit
http://apple pay.com,1.99,Debit,22.0,500.0,Chittagong,1,adversarial
NON_URL_TRANSACTION_PLACEHOLDER,720.5788695652175,Debit,38.023768115942026,7668.199707246376,Chittagong,1,phishing
NON_URL_TRANSACTION_PLACEHOLDER,720.5788695652175,Debit,38.023768115942026,7668.199707246376,Chittagong,1,phishing
https://skrill.com,0.49,Debit,19.0,150.0,Chittagong,1,adversarial
https://bankofamerica.com,0.49,Debit,60.0,300.0,Khulna,1,adversarial
NON_URL_TRANSACTION_PLACEHOLDER,4226.64,Credit,44.0,2803.16,Dhaka,0,legit
https://bankofamerica.com,9.99,Debit,60.0,300.0,Khulna,1,adversarial
http://p@yp@I.c0m,4.99,Debit,35.0,1200.0,Sylhet,1,adversarial
NON_URL_TRANSACTION_PLACEHOLDER,4867.48,Credit,43.0,39810.14,Khulna,0,legit
NON_URL_TRANSACTION_PLACEHOLDER,485.13,Credit,65.0,25068.33,Dhaka,0,legit
NON_URL_TRANSACTION_PLACEHOLDER,720.5788695652175,Debit,38.023768115942026,7668.199707246376,Chittagong,1,phishing
https://bankofamerica.com,9.99,Debit,60.0,300.0,Khulna,1,adversarial
http://apple pay.com,1.99,Debit,22.0,500.0,Chittagong,1,adversarial
NON_URL_TRANSACTION_PLACEHOLDER,720.5788695652175,Debit,38.023768115942026,7668.199707246376,Chittagong,1,phishing
http://skrill.com,0.49,Debit,19.0,150.0,Chittagong,1,adversarial
NON_URL_TRANSACTION_PLACEHOLDER,1125.27,Debit,60.0,17814.79,Rajshahi,0,legit
NON_URL_TRANSACTION_PLACEHOLDER,3245.08,Debit,28.0,14593.64,Rajshahi,0,legit
https://apple pay.com,1.99,Debit,22.0,500.0,Chittagong,1,adversarial
NON_URL_TRANSACTION_PLACEHOLDER,720.5788695652175,Debit,38.023768115942026,7668.199707246376,Chittagong,1,phishing
NON_URL_TRANSACTION_PLACEHOLDER,511.13,Credit,44.0,43059.79,Chittagong,0,legit
NON_URL_TRANSACTION_PLACEHOLDER,1255.04,Debit,48.0,36820.64,Barisal,0,legit
http://paypal.com,4.99,Debit,35.0,1200.0,Sylhet,1,adversarial
http://paypal.com,0.49,Debit,35.0,1200.0,Sylhet,1,adversarial
https://bankofamerica.com,9.99,Debit,60.0,300.0,Khulna,1,adversarial
NON_URL_TRANSACTION_PLACEHOLDER,720.5788695652175,Debit,38.023768115942026,7668.199707246376,Chittagong,1,phishing
NON_URL_TRANSACTION_PLACEHOLDER,1254.36,Credit,47.0,22317.35,Khulna,0,legit
http://apple pay.com,1.99,Debit,22.0,500.0,Chittagong,1,adversarial
NON_URL_TRANSACTION_PLACEHOLDER,2838.58,Credit,26.0,28041.05,Rajshahi,0,legit
NON_URL_TRANSACTION_PLACEHOLDER,720.5788695652175,Debit,38.023768115942026,7668.199707246376,Chittagong,1,phishing
NON_URL_TRANSACTION_PLACEHOLDER,5.12,Debit,69.0,36499.92,Chittagong,0,legit
https://bankofamerica.com,9.99,Debit,60.0,300.0,Khulna,1,adversarial
NON_URL_TRANSACTION_PLACEHOLDER,4979.72,Credit,61.0,45528.64,Chittagong,0,legit
NON_URL_TRANSACTION_PLACEHOLDER,4915.03,Debit,52.0,35378.27,Rajshahi,0,legit
http://skrill.com,0.49,Debit,19.0,150.0,Chittagong,1,adversarial
NON_URL_TRANSACTION_PLACEHOLDER,720.5788695652175,Debit,38.023768115942026,7668.199707246376,Chittagong,1,phishing
NON_URL_TRANSACTION_PLACEHOLDER,236.98,Credit,41.0,39281.19,Chittagong,0,legit
http://apple pay.com,9.99,Debit,22.0,500.0,Chittagong,1,adversarial
NON_URL_TRANSACTION_PLACEHOLDER,720.5788695652175,Debit,38.023768115942026,7668.199707246376,Chittagong,1,phishing
NON_URL_TRANSACTION_PLACEHOLDER,2263.09,Credit,42.0,36839.04,Rajshahi,0,legit
NON_URL_TRANSACTION_PLACEHOLDER,4467.72,Credit,65.0,31265.62,Chittagong,0,legit
NON_URL_TRANSACTION_PLACEHOLDER,720.5788695652175,Debit,38.023768115942026,7668.199707246376,Chittagong,1,phishing
NON_URL_TRANSACTION_PLACEHOLDER,720.5788695652175,Debit,38.023768115942026,7668.199707246376,Chittagong,1,phishing
http://skriII.c0m,0.49,Debit,19.0,150.0,Chittagong,1,adversarial
NON_URL_TRANSACTION_PLACEHOLDER,1164.47,Credit,31.0,33222.54,Rajshahi,0,legit
NON_URL_TRANSACTION_PLACEHOLDER,2604.67,Credit,63.0,23107.44,Khulna,0,legit
http://apple pay.com,1.99,Debit,22.0,500.0,Chittagong,1,adversarial
http://paypal.com,4.99,Debit,35.0,1200.0,Sylhet,1,adversarial
NON_URL_TRANSACTION_PLACEHOLDER,720.5788695652175,Debit,38.023768115942026,7668.199707246376,Chittagong,1,phishing
http://apple pay.com,1.99,Debit,22.0,500.0,Chittagong,1,adversarial
http://apple pay.com,1.99,Debit,22.0,500.0,Chittagong,1,adversarial
https://paypal.com,4.99,Debit,35.0,1200.0,Sylhet,1,adversarial
NON_URL_TRANSACTION_PLACEHOLDER,720.5788695652175,Debit,38.023768115942026,7668.199707246376,Chittagong,1,phishing
NON_URL_TRANSACTION_PLACEHOLDER,436.08,Debit,21.0,11222.39,Barisal,0,legit
http://apple pay.com,5.0,Debit,22.0,500.0,Chittagong,1,adversarial
http://apple pay.com,9.99,Debit,22.0,500.0,Chittagong,1,adversarial
NON_URL_TRANSACTION_PLACEHOLDER,4204.05,Credit,19.0,29678.14,Khulna,0,legit
NON_URL_TRANSACTION_PLACEHOLDER,1424.87,Credit,53.0,3615.48,Sylhet,0,legit
NON_URL_TRANSACTION_PLACEHOLDER,4731.17,Debit,64.0,45138.26,Rajshahi,0,legit
NON_URL_TRANSACTION_PLACEHOLDER,4736.36,Credit,24.0,14932.66,Dhaka,0,legit
http://apple pay.com,1.99,Debit,22.0,500.0,Chittagong,1,adversarial
NON_URL_TRANSACTION_PLACEHOLDER,4915.22,Debit,66.0,23915.64,Rajshahi,0,legit
NON_URL_TRANSACTION_PLACEHOLDER,720.5788695652175,Debit,38.023768115942026,7668.199707246376,Chittagong,1,phishing
http://paypal.com,4.99,Debit,35.0,1200.0,Sylhet,1,adversarial
NON_URL_TRANSACTION_PLACEHOLDER,1598.79,Credit,31.0,27825.22,Chittagong,0,legit
https://paypal.com,4.99,Debit,35.0,1200.0,Sylhet,1,adversarial
NON_URL_TRANSACTION_PLACEHOLDER,3774.62,Credit,61.0,37416.07,Barisal,0,legit
NON_URL_TRANSACTION_PLACEHOLDER,3623.88,Credit,61.0,32631.25,Chittagong,0,legit
NON_URL_TRANSACTION_PLACEHOLDER,3785.05,Credit,67.0,20453.2,Chittagong,0,legit
http://apple pay.com,1.99,Debit,22.0,500.0,Chittagong,1,adversarial
NON_URL_TRANSACTION_PLACEHOLDER,221.94,Credit,74.0,45570.48,Sylhet,0,legit
NON_URL_TRANSACTION_PLACEHOLDER,2699.1,Credit,45.0,29690.72,Khulna,0,legit
NON_URL_TRANSACTION_PLACEHOLDER,1946.11,Debit,67.0,31466.49,Dhaka,0,legit
NON_URL_TRANSACTION_PLACEHOLDER,1248.97,Debit,38.0,40209.95,Sylhet,0,legit
NON_URL_TRANSACTION_PLACEHOLDER,720.5788695652175,Debit,38.023768115942026,7668.199707246376,Chittagong,1,phishing
NON_URL_TRANSACTION_PLACEHOLDER,316.8,Debit,19.0,27086.34,Khulna,0,legit
NON_URL_TRANSACTION_PLACEHOLDER,1079.64,Credit,39.0,36962.99,Khulna,0,legit
http://apple pay.com,0.49,Debit,22.0,500.0,Chittagong,1,adversarial
http://apple pay.com,1.99,Debit,22.0,500.0,Chittagong,1,adversarial
http://skrill.com,0.49,Debit,19.0,150.0,Chittagong,1,adversarial
NON_URL_TRANSACTION_PLACEHOLDER,254.26,Debit,45.0,33593.25,Rajshahi,0,legit
https://bankofamerica.com,9.99,Debit,60.0,300.0,Khulna,1,adversarial
https://bankofamerica.com,9.99,Debit,60.0,300.0,Khulna,1,adversarial
http://apple pay.com,1.99,Debit,22.0,500.0,Chittagong,1,adversarial
https://paypal.com,4.99,Debit,35.0,1200.0,Sylhet,1,adversarial
http://apple pay.com,1.99,Debit,22.0,500.0,Chittagong,1,adversarial
NON_URL_TRANSACTION_PLACEHOLDER,720.5788695652175,Debit,38.023768115942026,7668.199707246376,Chittagong,1,phishing
NON_URL_TRANSACTION_PLACEHOLDER,720.5788695652175,Debit,38.023768115942026,7668.199707246376,Chittagong,1,phishing
NON_URL_TRANSACTION_PLACEHOLDER,2554.64,Credit,65.0,32412.84,Sylhet,0,legit
NON_URL_TRANSACTION_PLACEHOLDER,2285.26,Debit,21.0,7838.76,Sylhet,0,legit
NON_URL_TRANSACTION_PLACEHOLDER,1222.41,Credit,43.0,32739.1,Sylhet,0,legit
NON_URL_TRANSACTION_PLACEHOLDER,720.5788695652175,Debit,38.023768115942026,7668.199707246376,Chittagong,1,phishing
NON_URL_TRANSACTION_PLACEHOLDER,720.5788695652175,Debit,38.023768115942026,7668.199707246376,Chittagong,1,phishing
http://skriII.c0m,0.49,Debit,19.0,150.0,Chittagong,1,adversarial
NON_URL_TRANSACTION_PLACEHOLDER,4998.67,Credit,57.0,48969.22,Sylhet,0,legit
https://bankofamerica.com,9.99,Debit,60.0,300.0,Khulna,1,adversarial
NON_URL_TRANSACTION_PLACEHOLDER,785.71,Debit,65.0,48643.44,Chittagong,0,legit
NON_URL_TRANSACTION_PLACEHOLDER,1514.02,Credit,70.0,25176.94,Barisal,0,legit
https://bankofamerica.com,9.99,Debit,60.0,300.0,Khulna,1,adversarial
http://apple pay.com,1.99,Debit,22.0,500.0,Chittagong,1,adversarial
NON_URL_TRANSACTION_PLACEHOLDER,845.85,Debit,19.0,45310.78,Sylhet,0,legit
https://bankofamerica.com,9.99,Debit,60.0,300.0,Khulna,1,adversarial
NON_URL_TRANSACTION_PLACEHOLDER,2789.91,Debit,47.0,44178.93,Chittagong,0,legit
http://apple pay.com,1.99,Debit,22.0,500.0,Chittagong,1,adversarial
NON_URL_TRANSACTION_PLACEHOLDER,4871.88,Credit,32.0,25159.51,Barisal,0,legit
NON_URL_TRANSACTION_PLACEHOLDER,566.3,Debit,21.0,46670.9,Rajshahi,0,legit
NON_URL_TRANSACTION_PLACEHOLDER,4433.87,Debit,45.0,37230.06,Chittagong,0,legit
NON_URL_TRANSACTION_PLACEHOLDER,2834.21,Credit,24.0,35283.44,Sylhet,0,legit
NON_URL_TRANSACTION_PLACEHOLDER,1733.65,Credit,20.0,47945.77,Barisal,0,legit
http://skrill.com,0.49,Debit,19.0,150.0,Chittagong,1,adversarial
NON_URL_TRANSACTION_PLACEHOLDER,850.22,Credit,64.0,44672.8,Sylhet,0,legit
NON_URL_TRANSACTION_PLACEHOLDER,2897.61,Debit,28.0,6687.73,Dhaka,0,legit
NON_URL_TRANSACTION_PLACEHOLDER,163.57,Credit,19.0,9837.08,Khulna,0,legit
NON_URL_TRANSACTION_PLACEHOLDER,2339.69,Credit,70.0,20035.08,Khulna,0,legit
https://bankofamerica.com,9.99,Debit,60.0,300.0,Khulna,1,adversarial
NON_URL_TRANSACTION_PLACEHOLDER,3456.16,Credit,63.0,9191.27,Dhaka,0,legit
NON_URL_TRANSACTION_PLACEHOLDER,1575.63,Debit,48.0,17975.53,Barisal,0,legit
NON_URL_TRANSACTION_PLACEHOLDER,720.5788695652175,Debit,38.023768115942026,7668.199707246376,Chittagong,1,phishing
NON_URL_TRANSACTION_PLACEHOLDER,3372.61,Debit,75.0,19293.65,Rajshahi,0,legit
NON_URL_TRANSACTION_PLACEHOLDER,720.5788695652175,Debit,38.023768115942026,7668.199707246376,Chittagong,1,phishing
NON_URL_TRANSACTION_PLACEHOLDER,1294.0,Debit,53.0,38512.66,Dhaka,0,legit
http://skriII.c0m,0.49,Debit,19.0,150.0,Chittagong,1,adversarial
http://apple pay.com,0.49,Debit,22.0,500.0,Chittagong,1,adversarial
NON_URL_TRANSACTION_PLACEHOLDER,1947.32,Credit,43.0,15357.88,Barisal,0,legit
NON_URL_TRANSACTION_PLACEHOLDER,2613.29,Debit,26.0,45641.05,Dhaka,0,legit
NON_URL_TRANSACTION_PLACEHOLDER,1669.56,Credit,56.0,46166.81,Sylhet,0,legit
NON_URL_TRANSACTION_PLACEHOLDER,4943.12,Credit,50.0,45779.12,Sylhet,0,legit
NON_URL_TRANSACTION_PLACEHOLDER,2891.63,Debit,53.0,40191.26,Barisal,0,legit
NON_URL_TRANSACTION_PLACEHOLDER,641.15,Debit,60.0,27165.18,Dhaka,0,legit
NON_URL_TRANSACTION_PLACEHOLDER,1157.71,Debit,26.0,632.16,Khulna,0,legit
NON_URL_TRANSACTION_PLACEHOLDER,2599.93,Credit,27.0,9702.12,Rajshahi,0,legit
NON_URL_TRANSACTION_PLACEHOLDER,649.83,Credit,52.0,29131.57,Khulna,0,legit
https://b@nk0f@meric@.c0m,9.99,Debit,60.0,300.0,Khulna,1,adversarial
NON_URL_TRANSACTION_PLACEHOLDER,4807.59,Debit,75.0,31683.03,Rajshahi,0,legit
http://skriII.c0m,0.49,Debit,19.0,150.0,Chittagong,1,adversarial
https://b@nk0f@meric@.c0m,9.99,Debit,60.0,300.0,Khulna,1,adversarial
NON_URL_TRANSACTION_PLACEHOLDER,4835.64,Credit,27.0,22554.63,Sylhet,0,legit
NON_URL_TRANSACTION_PLACEHOLDER,4901.87,Debit,30.0,35955.75,Chittagong,0,legit
NON_URL_TRANSACTION_PLACEHOLDER,2537.83,Debit,54.0,20461.86,Rajshahi,0,legit
https://bankofamerica.com,9.99,Debit,60.0,300.0,Khulna,1,adversarial
NON_URL_TRANSACTION_PLACEHOLDER,2585.74,Debit,47.0,14225.67,Khulna,0,legit
NON_URL_TRANSACTION_PLACEHOLDER,2099.97,Debit,54.0,17388.77,Rajshahi,0,legit
NON_URL_TRANSACTION_PLACEHOLDER,130.37,Debit,44.0,31531.56,Barisal,0,legit
NON_URL_TRANSACTION_PLACEHOLDER,1634.09,Debit,21.0,1705.14,Chittagong,0,legit
NON_URL_TRANSACTION_PLACEHOLDER,3998.83,Credit,68.0,31536.15,Rajshahi,0,legit
NON_URL_TRANSACTION_PLACEHOLDER,2294.62,Credit,71.0,49074.94,Khulna,0,legit
http://skrill.com,1.99,Debit,19.0,150.0,Chittagong,1,adversarial
https://bankofamerica.com,9.99,Debit,60.0,300.0,Khulna,1,adversarial
http://apple pay.com,1.99,Debit,22.0,500.0,Chittagong,1,adversarial
NON_URL_TRANSACTION_PLACEHOLDER,720.5788695652175,Debit,38.023768115942026,7668.199707246376,Chittagong,1,phishing
http://paypal.com,4.99,Debit,35.0,1200.0,Sylhet,1,adversarial
NON_URL_TRANSACTION_PLACEHOLDER,3158.78,Credit,36.0,20493.17,Dhaka,0,legit
http://skrill.com,0.49,Debit,19.0,150.0,Chittagong,1,adversarial
NON_URL_TRANSACTION_PLACEHOLDER,241.03,Debit,36.0,4198.48,Barisal,0,legit
http://paypal.com,9.99,Debit,35.0,1200.0,Sylhet,1,adversarial
https://bankofamerica.com,9.99,Debit,60.0,300.0,Khulna,1,adversarial
NON_URL_TRANSACTION_PLACEHOLDER,2477.95,Debit,24.0,10265.31,Dhaka,0,legit
http://@ppIe p@y.c0m,1.99,Debit,22.0,500.0,Chittagong,1,adversarial
http://skriII.c0m,0.49,Debit,19.0,150.0,Chittagong,1,adversarial
NON_URL_TRANSACTION_PLACEHOLDER,2640.9,Credit,65.0,28970.96,Dhaka,0,legit
NON_URL_TRANSACTION_PLACEHOLDER,4556.84,Debit,64.0,14373.01,Chittagong,0,legit
http://apple pay.com,1.99,Debit,22.0,500.0,Chittagong,1,adversarial
http://@ppIe p@y.c0m,1.99,Debit,22.0,500.0,Chittagong,1,adversarial
http://apple pay.com,0.49,Debit,22.0,500.0,Chittagong,1,adversarial
NON_URL_TRANSACTION_PLACEHOLDER,720.5788695652175,Debit,38.023768115942026,7668.199707246376,Chittagong,1,phishing
http://apple pay.com,1.99,Debit,22.0,500.0,Chittagong,1,adversarial
NON_URL_TRANSACTION_PLACEHOLDER,1202.47,Credit,29.0,47160.42,Rajshahi,0,legit
http://skriII.c0m,0.49,Debit,19.0,150.0,Chittagong,1,adversarial
NON_URL_TRANSACTION_PLACEHOLDER,2612.29,Debit,73.0,25679.04,Dhaka,0,legit
NON_URL_TRANSACTION_PLACEHOLDER,720.5788695652175,Debit,38.023768115942026,7668.199707246376,Chittagong,1,phishing
https://bankofamerica.com,0.49,Debit,60.0,300.0,Khulna,1,adversarial
NON_URL_TRANSACTION_PLACEHOLDER,720.5788695652175,Debit,38.023768115942026,7668.199707246376,Chittagong,1,phishing
NON_URL_TRANSACTION_PLACEHOLDER,1472.58,Debit,74.0,36757.59,Khulna,0,legit
NON_URL_TRANSACTION_PLACEHOLDER,1634.53,Debit,43.0,30120.27,Rajshahi,0,legit
NON_URL_TRANSACTION_PLACEHOLDER,720.5788695652175,Debit,38.023768115942026,7668.199707246376,Chittagong,1,phishing
NON_URL_TRANSACTION_PLACEHOLDER,720.5788695652175,Debit,38.023768115942026,7668.199707246376,Chittagong,1,phishing
NON_URL_TRANSACTION_PLACEHOLDER,954.51,Credit,74.0,13342.34,Khulna,0,legit
NON_URL_TRANSACTION_PLACEHOLDER,699.79,Credit,62.0,39351.97,Dhaka,0,legit
NON_URL_TRANSACTION_PLACEHOLDER,252.0,Debit,42.0,25000.05,Sylhet,0,legit
NON_URL_TRANSACTION_PLACEHOLDER,2512.21,Credit,21.0,34483.08,Barisal,0,legit
NON_URL_TRANSACTION_PLACEHOLDER,1307.95,Debit,54.0,5524.83,Sylhet,0,legit
NON_URL_TRANSACTION_PLACEHOLDER,887.2,Credit,60.0,21354.36,Chittagong,0,legit
NON_URL_TRANSACTION_PLACEHOLDER,2345.95,Credit,38.0,8012.47,Sylhet,0,legit
http://paypal.com,4.99,Debit,35.0,1200.0,Sylhet,1,adversarial
NON_URL_TRANSACTION_PLACEHOLDER,3221.87,Debit,24.0,21007.05,Chittagong,0,legit
NON_URL_TRANSACTION_PLACEHOLDER,120.68,Credit,68.0,29287.18,Sylhet,0,legit
https://bankofamerica.com,9.99,Debit,60.0,300.0,Khulna,1,adversarial
NON_URL_TRANSACTION_PLACEHOLDER,3294.83,Debit,56.0,17146.66,Barisal,0,legit
NON_URL_TRANSACTION_PLACEHOLDER,720.5788695652175,Debit,38.023768115942026,7668.199707246376,Chittagong,1,phishing
NON_URL_TRANSACTION_PLACEHOLDER,720.5788695652175,Debit,38.023768115942026,7668.199707246376,Chittagong,1,phishing
NON_URL_TRANSACTION_PLACEHOLDER,3316.83,Credit,57.0,4471.57,Rajshahi,0,legit
https://bankofamerica.com,9.99,Debit,60.0,300.0,Khulna,1,adversarial
NON_URL_TRANSACTION_PLACEHOLDER,1616.38,Credit,34.0,40511.5,Dhaka,0,legit
NON_URL_TRANSACTION_PLACEHOLDER,3692.38,Credit,24.0,1053.48,Sylhet,0,legit
NON_URL_TRANSACTION_PLACEHOLDER,1778.23,Debit,29.0,22021.67,Dhaka,0,legit
http://apple pay.com,1.99,Debit,22.0,500.0,Chittagong,1,adversarial
NON_URL_TRANSACTION_PLACEHOLDER,720.5788695652175,Debit,38.023768115942026,7668.199707246376,Chittagong,1,phishing
NON_URL_TRANSACTION_PLACEHOLDER,2401.6,Debit,32.0,26491.86,Chittagong,0,legit
NON_URL_TRANSACTION_PLACEHOLDER,1836.88,Credit,18.0,35556.84,Rajshahi,0,legit
https://bankofamerica.com,1.99,Debit,60.0,300.0,Khulna,1,adversarial
NON_URL_TRANSACTION_PLACEHOLDER,4100.22,Debit,51.0,45835.3,Rajshahi,0,legit
NON_URL_TRANSACTION_PLACEHOLDER,369.47,Debit,23.0,24307.29,Khulna,0,legit
NON_URL_TRANSACTION_PLACEHOLDER,720.5788695652175,Debit,38.023768115942026,7668.199707246376,Chittagong,1,phishing
NON_URL_TRANSACTION_PLACEHOLDER,755.96,Debit,63.0,17994.04,Khulna,0,legit
NON_URL_TRANSACTION_PLACEHOLDER,2583.74,Debit,69.0,23930.64,Chittagong,0,legit
https://b@nk0f@meric@.c0m,9.99,Debit,60.0,300.0,Khulna,1,adversarial
NON_URL_TRANSACTION_PLACEHOLDER,1812.04,Debit,44.0,16345.78,Khulna,0,legit
NON_URL_TRANSACTION_PLACEHOLDER,2634.47,Debit,47.0,14879.19,Chittagong,0,legit
NON_URL_TRANSACTION_PLACEHOLDER,720.5788695652175,Debit,38.023768115942026,7668.199707246376,Chittagong,1,phishing
NON_URL_TRANSACTION_PLACEHOLDER,824.86,Credit,44.0,49735.03,Dhaka,0,legit
NON_URL_TRANSACTION_PLACEHOLDER,720.5788695652175,Debit,38.023768115942026,7668.199707246376,Chittagong,1,phishing
NON_URL_TRANSACTION_PLACEHOLDER,1723.89,Credit,61.0,4936.81,Sylhet,0,legit
http://paypal.com,4.99,Debit,35.0,1200.0,Sylhet,1,adversarial
NON_URL_TRANSACTION_PLACEHOLDER,720.5788695652175,Debit,38.023768115942026,7668.199707246376,Chittagong,1,phishing
NON_URL_TRANSACTION_PLACEHOLDER,720.5788695652175,Debit,38.023768115942026,7668.199707246376,Chittagong,1,phishing
http://paypal.com,4.99,Debit,35.0,1200.0,Sylhet,1,adversarial
http://skrill.com,0.49,Debit,19.0,150.0,Chittagong,1,adversarial
http://paypal.com,4.99,Debit,35.0,1200.0,Sylhet,1,adversarial
http://skriII.c0m,0.49,Debit,19.0,150.0,Chittagong,1,adversarial
NON_URL_TRANSACTION_PLACEHOLDER,4167.87,Debit,42.0,46803.58,Khulna,0,legit
http://skrill.com,0.49,Debit,19.0,150.0,Chittagong,1,adversarial
NON_URL_TRANSACTION_PLACEHOLDER,2682.29,Credit,35.0,18152.31,Dhaka,0,legit
NON_URL_TRANSACTION_PLACEHOLDER,826.91,Debit,67.0,24078.53,Rajshahi,0,legit
NON_URL_TRANSACTION_PLACEHOLDER,1679.68,Credit,44.0,27470.95,Dhaka,0,legit
NON_URL_TRANSACTION_PLACEHOLDER,720.5788695652175,Debit,38.023768115942026,7668.199707246376,Chittagong,1,phishing
http://paypal.com,1.99,Debit,35.0,1200.0,Sylhet,1,adversarial
NON_URL_TRANSACTION_PLACEHOLDER,4036.93,Credit,56.0,2030.73,Dhaka,0,legit
NON_URL_TRANSACTION_PLACEHOLDER,4248.79,Credit,53.0,20178.94,Dhaka,0,legit
http://skrill.com,0.49,Debit,19.0,150.0,Chittagong,1,adversarial
NON_URL_TRANSACTION_PLACEHOLDER,4785.56,Credit,18.0,46849.14,Sylhet,0,legit
NON_URL_TRANSACTION_PLACEHOLDER,3156.21,Debit,44.0,25976.8,Barisal,0,legit
NON_URL_TRANSACTION_PLACEHOLDER,403.48,Credit,44.0,6886.08,Rajshahi,0,legit
NON_URL_TRANSACTION_PLACEHOLDER,1946.6,Debit,67.0,35868.9,Sylhet,0,legit
NON_URL_TRANSACTION_PLACEHOLDER,4125.62,Credit,32.0,40987.27,Sylhet,0,legit
NON_URL_TRANSACTION_PLACEHOLDER,670.76,Credit,56.0,31101.94,Chittagong,0,legit
http://skrill.com,0.49,Debit,19.0,150.0,Chittagong,1,adversarial
NON_URL_TRANSACTION_PLACEHOLDER,3134.52,Debit,57.0,17592.38,Rajshahi,0,legit
https://bankofamerica.com,9.99,Debit,60.0,300.0,Khulna,1,adversarial
NON_URL_TRANSACTION_PLACEHOLDER,3282.0,Debit,67.0,28016.94,Dhaka,0,legit
NON_URL_TRANSACTION_PLACEHOLDER,2920.36,Debit,55.0,38420.93,Sylhet,0,legit
http://apple pay.com,1.99,Debit,22.0,500.0,Chittagong,1,adversarial
NON_URL_TRANSACTION_PLACEHOLDER,1868.14,Debit,49.0,33872.11,Dhaka,0,legit
NON_URL_TRANSACTION_PLACEHOLDER,3376.65,Debit,60.0,13395.7,Barisal,0,legit
NON_URL_TRANSACTION_PLACEHOLDER,4584.83,Credit,30.0,46437.4,Rajshahi,0,legit
NON_URL_TRANSACTION_PLACEHOLDER,3283.11,Debit,23.0,6097.98,Sylhet,0,legit
http://paypal.com,5.0,Debit,35.0,1200.0,Sylhet,1,adversarial
http://apple pay.com,9.99,Debit,22.0,500.0,Chittagong,1,adversarial
NON_URL_TRANSACTION_PLACEHOLDER,1438.69,Credit,66.0,28807.36,Barisal,0,legit
http://skriII.c0m,0.49,Debit,19.0,150.0,Chittagong,1,adversarial
NON_URL_TRANSACTION_PLACEHOLDER,3885.42,Debit,30.0,18206.31,Sylhet,0,legit
NON_URL_TRANSACTION_PLACEHOLDER,4900.16,Credit,26.0,4484.88,Sylhet,0,legit
NON_URL_TRANSACTION_PLACEHOLDER,4813.39,Credit,21.0,7327.91,Sylhet,0,legit
NON_URL_TRANSACTION_PLACEHOLDER,1414.69,Debit,21.0,18008.97,Khulna,0,legit
NON_URL_TRANSACTION_PLACEHOLDER,720.5788695652175,Debit,38.023768115942026,7668.199707246376,Chittagong,1,phishing
http://apple pay.com,1.99,Debit,22.0,500.0,Chittagong,1,adversarial
NON_URL_TRANSACTION_PLACEHOLDER,3678.61,Credit,41.0,33291.37,Khulna,0,legit
NON_URL_TRANSACTION_PLACEHOLDER,1384.99,Credit,55.0,2699.94,Chittagong,0,legit
http://paypal.com,4.99,Debit,35.0,1200.0,Sylhet,1,adversarial
NON_URL_TRANSACTION_PLACEHOLDER,1530.13,Credit,31.0,45188.9,Khulna,0,legit
NON_URL_TRANSACTION_PLACEHOLDER,1538.69,Debit,49.0,1777.47,Chittagong,0,legit
NON_URL_TRANSACTION_PLACEHOLDER,4664.91,Credit,58.0,4794.79,Dhaka,0,legit
https://bankofamerica.com,9.99,Debit,60.0,300.0,Khulna,1,adversarial
http://paypal.com,4.99,Debit,35.0,1200.0,Sylhet,1,adversarial
NON_URL_TRANSACTION_PLACEHOLDER,2846.04,Credit,74.0,34766.06,Sylhet,0,legit
NON_URL_TRANSACTION_PLACEHOLDER,882.91,Credit,29.0,8761.33,Sylhet,0,legit
https://bankofamerica.com,9.99,Debit,60.0,300.0,Khulna,1,adversarial
NON_URL_TRANSACTION_PLACEHOLDER,3389.49,Credit,35.0,12299.89,Rajshahi,0,legit
http://skriII.c0m,0.49,Debit,19.0,150.0,Chittagong,1,adversarial
NON_URL_TRANSACTION_PLACEHOLDER,1164.72,Debit,57.0,17278.49,Sylhet,0,legit
https://bankofamerica.com,9.99,Debit,60.0,300.0,Khulna,1,adversarial
http://skrill.com,0.49,Debit,19.0,150.0,Chittagong,1,adversarial
http://@ppIe p@y.c0m,1.99,Debit,22.0,500.0,Chittagong,1,adversarial
NON_URL_TRANSACTION_PLACEHOLDER,4531.09,Debit,32.0,44568.18,Barisal,0,legit
NON_URL_TRANSACTION_PLACEHOLDER,482.8,Credit,61.0,44745.21,Chittagong,0,legit
NON_URL_TRANSACTION_PLACEHOLDER,2706.08,Credit,51.0,18497.6,Sylhet,0,legit
NON_URL_TRANSACTION_PLACEHOLDER,2415.95,Debit,75.0,49849.41,Dhaka,0,legit
NON_URL_TRANSACTION_PLACEHOLDER,4676.64,Credit,25.0,14618.75,Khulna,0,legit
NON_URL_TRANSACTION_PLACEHOLDER,720.5788695652175,Debit,38.023768115942026,7668.199707246376,Chittagong,1,phishing
https://bankofamerica.com,9.99,Debit,60.0,300.0,Khulna,1,adversarial
NON_URL_TRANSACTION_PLACEHOLDER,720.5788695652175,Debit,38.023768115942026,7668.199707246376,Chittagong,1,phishing
NON_URL_TRANSACTION_PLACEHOLDER,720.5788695652175,Debit,38.023768115942026,7668.199707246376,Chittagong,1,phishing
http://apple pay.com,1.99,Debit,22.0,500.0,Chittagong,1,adversarial
NON_URL_TRANSACTION_PLACEHOLDER,2096.36,Debit,42.0,28094.93,Rajshahi,0,legit
NON_URL_TRANSACTION_PLACEHOLDER,720.5788695652175,Debit,38.023768115942026,7668.199707246376,Chittagong,1,phishing
NON_URL_TRANSACTION_PLACEHOLDER,4332.63,Credit,50.0,15428.44,Sylhet,0,legit
https://bankofamerica.com,9.99,Debit,60.0,300.0,Khulna,1,adversarial
NON_URL_TRANSACTION_PLACEHOLDER,45.32,Debit,61.0,2097.78,Khulna,0,legit
NON_URL_TRANSACTION_PLACEHOLDER,4046.72,Credit,71.0,25581.94,Barisal,0,legit
NON_URL_TRANSACTION_PLACEHOLDER,720.5788695652175,Debit,38.023768115942026,7668.199707246376,Chittagong,1,phishing
NON_URL_TRANSACTION_PLACEHOLDER,720.5788695652175,Debit,38.023768115942026,7668.199707246376,Chittagong,1,phishing
NON_URL_TRANSACTION_PLACEHOLDER,4232.95,Debit,29.0,48717.44,Chittagong,0,legit
NON_URL_TRANSACTION_PLACEHOLDER,2858.37,Credit,27.0,8565.61,Dhaka,0,legit
NON_URL_TRANSACTION_PLACEHOLDER,3284.49,Credit,35.0,1525.93,Dhaka,0,legit
http://apple pay.com,1.99,Debit,22.0,500.0,Chittagong,1,adversarial
NON_URL_TRANSACTION_PLACEHOLDER,4907.74,Debit,40.0,24367.01,Barisal,0,legit
NON_URL_TRANSACTION_PLACEHOLDER,720.5788695652175,Debit,38.023768115942026,7668.199707246376,Chittagong,1,phishing
NON_URL_TRANSACTION_PLACEHOLDER,4256.69,Debit,57.0,16820.64,Dhaka,0,legit
NON_URL_TRANSACTION_PLACEHOLDER,4127.55,Credit,55.0,7048.41,Rajshahi,0,legit
NON_URL_TRANSACTION_PLACEHOLDER,637.7,Credit,42.0,37942.24,Sylhet,0,legit
http://paypal.com,4.99,Debit,35.0,1200.0,Sylhet,1,adversarial
https://bankofamerica.com,9.99,Debit,60.0,300.0,Khulna,1,adversarial
NON_URL_TRANSACTION_PLACEHOLDER,1411.52,Debit,36.0,8382.46,Sylhet,0,legit
NON_URL_TRANSACTION_PLACEHOLDER,4932.46,Debit,51.0,45262.59,Sylhet,0,legit
NON_URL_TRANSACTION_PLACEHOLDER,720.5788695652175,Debit,38.023768115942026,7668.199707246376,Chittagong,1,phishing
http://skrill.com,0.49,Debit,19.0,150.0,Chittagong,1,adversarial
NON_URL_TRANSACTION_PLACEHOLDER,4819.61,Debit,49.0,46216.11,Sylhet,0,legit
NON_URL_TRANSACTION_PLACEHOLDER,720.5788695652175,Debit,38.023768115942026,7668.199707246376,Chittagong,1,phishing
https://bankofamerica.com,5.0,Debit,60.0,300.0,Khulna,1,adversarial
NON_URL_TRANSACTION_PLACEHOLDER,720.5788695652175,Debit,38.023768115942026,7668.199707246376,Chittagong,1,phishing
https://b@nk0f@meric@.c0m,9.99,Debit,60.0,300.0,Khulna,1,adversarial
http://apple pay.com,1.99,Debit,22.0,500.0,Chittagong,1,adversarial
NON_URL_TRANSACTION_PLACEHOLDER,720.5788695652175,Debit,38.023768115942026,7668.199707246376,Chittagong,1,phishing
NON_URL_TRANSACTION_PLACEHOLDER,2144.53,Debit,27.0,13649.11,Dhaka,0,legit
NON_URL_TRANSACTION_PLACEHOLDER,935.46,Debit,33.0,3594.43,Khulna,0,legit
NON_URL_TRANSACTION_PLACEHOLDER,4756.87,Credit,28.0,24924.97,Sylhet,0,legit
https://bankofamerica.com,9.99,Debit,60.0,300.0,Khulna,1,adversarial
NON_URL_TRANSACTION_PLACEHOLDER,720.5788695652175,Debit,38.023768115942026,7668.199707246376,Chittagong,1,phishing
http://skriII.c0m,0.49,Debit,19.0,150.0,Chittagong,1,adversarial
http://@ppIe p@y.c0m,1.99,Debit,22.0,500.0,Chittagong,1,adversarial
http://paypal.com,4.99,Debit,35.0,1200.0,Sylhet,1,adversarial
NON_URL_TRANSACTION_PLACEHOLDER,3840.54,Credit,51.0,43700.14,Barisal,0,legit
NON_URL_TRANSACTION_PLACEHOLDER,1777.48,Debit,18.0,8995.92,Sylhet,0,legit
NON_URL_TRANSACTION_PLACEHOLDER,2537.76,Debit,29.0,31624.06,Barisal,0,legit
http://skrill.com,5.0,Debit,19.0,150.0,Chittagong,1,adversarial
NON_URL_TRANSACTION_PLACEHOLDER,3153.39,Debit,59.0,11730.85,Barisal,0,legit
NON_URL_TRANSACTION_PLACEHOLDER,1738.61,Debit,65.0,47128.95,Rajshahi,0,legit
NON_URL_TRANSACTION_PLACEHOLDER,778.23,Debit,53.0,29401.63,Rajshahi,0,legit
http://paypal.com,4.99,Debit,35.0,1200.0,Sylhet,1,adversarial
https://bankofamerica.com,9.99,Debit,60.0,300.0,Khulna,1,adversarial
http://skrill.com,0.49,Debit,19.0,150.0,Chittagong,1,adversarial
NON_URL_TRANSACTION_PLACEHOLDER,720.5788695652175,Debit,38.023768115942026,7668.199707246376,Chittagong,1,phishing
NON_URL_TRANSACTION_PLACEHOLDER,720.5788695652175,Debit,38.023768115942026,7668.199707246376,Chittagong,1,phishing
NON_URL_TRANSACTION_PLACEHOLDER,4642.08,Credit,69.0,3368.21,Sylhet,0,legit
NON_URL_TRANSACTION_PLACEHOLDER,1777.81,Debit,51.0,2717.48,Barisal,0,legit
NON_URL_TRANSACTION_PLACEHOLDER,4054.98,Debit,28.0,25393.81,Sylhet,0,legit
http://paypal.com,4.99,Debit,35.0,1200.0,Sylhet,1,adversarial
NON_URL_TRANSACTION_PLACEHOLDER,416.91,Credit,45.0,19744.39,Sylhet,0,legit
https://paypal.com,4.99,Debit,35.0,1200.0,Sylhet,1,adversarial
https://bankofamerica.com,9.99,Debit,60.0,300.0,Khulna,1,adversarial
http://apple pay.com,5.0,Debit,22.0,500.0,Chittagong,1,adversarial
NON_URL_TRANSACTION_PLACEHOLDER,3289.47,Debit,43.0,37090.18,Chittagong,0,legit
NON_URL_TRANSACTION_PLACEHOLDER,720.5788695652175,Debit,38.023768115942026,7668.199707246376,Chittagong,1,phishing
http://paypal.com,4.99,Debit,35.0,1200.0,Sylhet,1,adversarial
https://b@nk0f@meric@.c0m,9.99,Debit,60.0,300.0,Khulna,1,adversarial
https://apple pay.com,1.99,Debit,22.0,500.0,Chittagong,1,adversarial
NON_URL_TRANSACTION_PLACEHOLDER,720.5788695652175,Debit,38.023768115942026,7668.199707246376,Chittagong,1,phishing
NON_URL_TRANSACTION_PLACEHOLDER,2408.82,Credit,51.0,47768.01,Dhaka,0,legit
http://p@yp@I.c0m,4.99,Debit,35.0,1200.0,Sylhet,1,adversarial
http://skrill.com,0.49,Debit,19.0,150.0,Chittagong,1,adversarial
NON_URL_TRANSACTION_PLACEHOLDER,1822.99,Credit,46.0,11886.97,Barisal,0,legit
NON_URL_TRANSACTION_PLACEHOLDER,720.5788695652175,Debit,38.023768115942026,7668.199707246376,Chittagong,1,phishing
NON_URL_TRANSACTION_PLACEHOLDER,1299.97,Credit,62.0,30027.2,Chittagong,0,legit
https://paypal.com,4.99,Debit,35.0,1200.0,Sylhet,1,adversarial
NON_URL_TRANSACTION_PLACEHOLDER,720.5788695652175,Debit,38.023768115942026,7668.199707246376,Chittagong,1,phishing
https://skrill.com,0.49,Debit,19.0,150.0,Chittagong,1,adversarial
NON_URL_TRANSACTION_PLACEHOLDER,1495.1,Credit,60.0,15652.81,Rajshahi,0,legit
NON_URL_TRANSACTION_PLACEHOLDER,497.57,Debit,18.0,7599.8,Sylhet,0,legit
http://skrill.com,0.49,Debit,19.0,150.0,Chittagong,1,adversarial
NON_URL_TRANSACTION_PLACEHOLDER,4029.6,Credit,55.0,31903.57,Khulna,0,legit
NON_URL_TRANSACTION_PLACEHOLDER,3989.04,Debit,26.0,33240.82,Rajshahi,0,legit
http://skrill.com,0.49,Debit,19.0,150.0,Chittagong,1,adversarial
NON_URL_TRANSACTION_PLACEHOLDER,1543.49,Credit,75.0,32390.66,Rajshahi,0,legit
NON_URL_TRANSACTION_PLACEHOLDER,720.5788695652175,Debit,38.023768115942026,7668.199707246376,Chittagong,1,phishing
https://apple pay.com,1.99,Debit,22.0,500.0,Chittagong,1,adversarial
NON_URL_TRANSACTION_PLACEHOLDER,4586.98,Credit,75.0,18583.59,Rajshahi,0,legit
NON_URL_TRANSACTION_PLACEHOLDER,4882.85,Credit,73.0,15252.16,Rajshahi,0,legit
NON_URL_TRANSACTION_PLACEHOLDER,151.5,Credit,24.0,37990.88,Khulna,0,legit
NON_URL_TRANSACTION_PLACEHOLDER,4016.59,Credit,57.0,49422.99,Chittagong,0,legit
NON_URL_TRANSACTION_PLACEHOLDER,836.56,Credit,64.0,15848.54,Barisal,0,legit
NON_URL_TRANSACTION_PLACEHOLDER,720.5788695652175,Debit,38.023768115942026,7668.199707246376,Chittagong,1,phishing
NON_URL_TRANSACTION_PLACEHOLDER,1937.46,Debit,46.0,5168.9,Barisal,0,legit
NON_URL_TRANSACTION_PLACEHOLDER,846.2,Credit,31.0,26477.8,Dhaka,0,legit
https://bankofamerica.com,5.0,Debit,60.0,300.0,Khulna,1,adversarial
NON_URL_TRANSACTION_PLACEHOLDER,2761.89,Debit,46.0,45806.59,Barisal,0,legit
NON_URL_TRANSACTION_PLACEHOLDER,1336.57,Debit,54.0,14038.94,Barisal,0,legit
http://skrill.com,1.99,Debit,19.0,150.0,Chittagong,1,adversarial
NON_URL_TRANSACTION_PLACEHOLDER,720.5788695652175,Debit,38.023768115942026,7668.199707246376,Chittagong,1,phishing
https://b@nk0f@meric@.c0m,9.99,Debit,60.0,300.0,Khulna,1,adversarial
NON_URL_TRANSACTION_PLACEHOLDER,2960.95,Credit,33.0,36786.93,Barisal,0,legit
NON_URL_TRANSACTION_PLACEHOLDER,1519.15,Debit,72.0,46247.95,Khulna,0,legit
http://@ppIe p@y.c0m,1.99,Debit,22.0,500.0,Chittagong,1,adversarial
NON_URL_TRANSACTION_PLACEHOLDER,3260.41,Debit,58.0,37146.33,Khulna,0,legit
NON_URL_TRANSACTION_PLACEHOLDER,4122.07,Credit,46.0,24664.36,Dhaka,0,legit
NON_URL_TRANSACTION_PLACEHOLDER,2444.59,Debit,36.0,8935.12,Dhaka,0,legit
NON_URL_TRANSACTION_PLACEHOLDER,699.43,Debit,21.0,6554.76,Dhaka,0,legit
http://skrill.com,0.49,Debit,19.0,150.0,Chittagong,1,adversarial
NON_URL_TRANSACTION_PLACEHOLDER,720.5788695652175,Debit,38.023768115942026,7668.199707246376,Chittagong,1,phishing
NON_URL_TRANSACTION_PLACEHOLDER,329.99,Debit,45.0,23284.89,Dhaka,0,legit
NON_URL_TRANSACTION_PLACEHOLDER,4444.27,Debit,54.0,18101.89,Rajshahi,0,legit
NON_URL_TRANSACTION_PLACEHOLDER,720.5788695652175,Debit,38.023768115942026,7668.199707246376,Chittagong,1,phishing
NON_URL_TRANSACTION_PLACEHOLDER,3566.16,Credit,21.0,48408.38,Chittagong,0,legit
https://bankofamerica.com,9.99,Debit,60.0,300.0,Khulna,1,adversarial
https://bankofamerica.com,9.99,Debit,60.0,300.0,Khulna,1,adversarial
NON_URL_TRANSACTION_PLACEHOLDER,4720.15,Credit,27.0,16990.09,Khulna,0,legit
NON_URL_TRANSACTION_PLACEHOLDER,720.5788695652175,Debit,38.023768115942026,7668.199707246376,Chittagong,1,phishing
NON_URL_TRANSACTION_PLACEHOLDER,2398.27,Debit,44.0,41370.58,Sylhet,0,legit
https://b@nk0f@meric@.c0m,9.99,Debit,60.0,300.0,Khulna,1,adversarial
NON_URL_TRANSACTION_PLACEHOLDER,3426.01,Debit,20.0,22636.09,Rajshahi,0,legit
NON_URL_TRANSACTION_PLACEHOLDER,4326.13,Debit,56.0,33092.63,Khulna,0,legit
NON_URL_TRANSACTION_PLACEHOLDER,1154.43,Credit,70.0,18381.78,Rajshahi,0,legit
NON_URL_TRANSACTION_PLACEHOLDER,2708.22,Credit,30.0,33324.99,Rajshahi,0,legit
NON_URL_TRANSACTION_PLACEHOLDER,632.88,Credit,21.0,6899.58,Dhaka,0,legit
NON_URL_TRANSACTION_PLACEHOLDER,826.35,Credit,53.0,459.63,Dhaka,0,legit
NON_URL_TRANSACTION_PLACEHOLDER,4377.46,Credit,22.0,17080.81,Chittagong,0,legit
https://bankofamerica.com,9.99,Debit,60.0,300.0,Khulna,1,adversarial
NON_URL_TRANSACTION_PLACEHOLDER,720.5788695652175,Debit,38.023768115942026,7668.199707246376,Chittagong,1,phishing
NON_URL_TRANSACTION_PLACEHOLDER,720.5788695652175,Debit,38.023768115942026,7668.199707246376,Chittagong,1,phishing
NON_URL_TRANSACTION_PLACEHOLDER,1605.27,Debit,60.0,26409.1,Barisal,0,legit
NON_URL_TRANSACTION_PLACEHOLDER,1205.94,Debit,23.0,25194.23,Dhaka,0,legit
NON_URL_TRANSACTION_PLACEHOLDER,720.5788695652175,Debit,38.023768115942026,7668.199707246376,Chittagong,1,phishing
NON_URL_TRANSACTION_PLACEHOLDER,720.5788695652175,Debit,38.023768115942026,7668.199707246376,Chittagong,1,phishing
NON_URL_TRANSACTION_PLACEHOLDER,4667.11,Debit,18.0,41176.77,Chittagong,0,legit
NON_URL_TRANSACTION_PLACEHOLDER,3492.5,Credit,37.0,49639.48,Chittagong,0,legit
NON_URL_TRANSACTION_PLACEHOLDER,4744.31,Credit,34.0,12421.77,Barisal,0,legit
NON_URL_TRANSACTION_PLACEHOLDER,1857.21,Debit,73.0,43203.55,Khulna,0,legit
https://skrill.com,0.49,Debit,19.0,150.0,Chittagong,1,adversarial
NON_URL_TRANSACTION_PLACEHOLDER,4293.05,Debit,44.0,18477.69,Khulna,0,legit
NON_URL_TRANSACTION_PLACEHOLDER,3627.58,Debit,58.0,28481.18,Khulna,0,legit
NON_URL_TRANSACTION_PLACEHOLDER,3166.71,Debit,41.0,21689.73,Chittagong,0,legit
NON_URL_TRANSACTION_PLACEHOLDER,4045.66,Debit,61.0,16587.66,Sylhet,0,legit
NON_URL_TRANSACTION_PLACEHOLDER,3428.74,Debit,29.0,35055.79,Chittagong,0,legit
NON_URL_TRANSACTION_PLACEHOLDER,2015.3,Debit,41.0,6780.94,Sylhet,0,legit
NON_URL_TRANSACTION_PLACEHOLDER,720.5788695652175,Debit,38.023768115942026,7668.199707246376,Chittagong,1,phishing
http://paypal.com,4.99,Debit,35.0,1200.0,Sylhet,1,adversarial
https://bankofamerica.com,9.99,Debit,60.0,300.0,Khulna,1,adversarial
NON_URL_TRANSACTION_PLACEHOLDER,1082.9,Debit,56.0,7060.83,Dhaka,0,legit
https://paypal.com,4.99,Debit,35.0,1200.0,Sylhet,1,adversarial
http://apple pay.com,1.99,Debit,22.0,500.0,Chittagong,1,adversarial
NON_URL_TRANSACTION_PLACEHOLDER,720.5788695652175,Debit,38.023768115942026,7668.199707246376,Chittagong,1,phishing
NON_URL_TRANSACTION_PLACEHOLDER,3437.0,Credit,46.0,3800.85,Rajshahi,0,legit
http://paypal.com,1.99,Debit,35.0,1200.0,Sylhet,1,adversarial
NON_URL_TRANSACTION_PLACEHOLDER,330.72,Credit,64.0,44264.37,Khulna,0,legit
NON_URL_TRANSACTION_PLACEHOLDER,1996.15,Debit,20.0,1838.6,Rajshahi,0,legit
https://paypal.com,4.99,Debit,35.0,1200.0,Sylhet,1,adversarial
NON_URL_TRANSACTION_PLACEHOLDER,123.86,Credit,21.0,14524.11,Sylhet,0,legit
NON_URL_TRANSACTION_PLACEHOLDER,4029.56,Debit,48.0,14596.98,Chittagong,0,legit
http://apple pay.com,1.99,Debit,22.0,500.0,Chittagong,1,adversarial
NON_URL_TRANSACTION_PLACEHOLDER,1482.62,Credit,58.0,18054.15,Sylhet,0,legit
NON_URL_TRANSACTION_PLACEHOLDER,720.5788695652175,Debit,38.023768115942026,7668.199707246376,Chittagong,1,phishing
NON_URL_TRANSACTION_PLACEHOLDER,720.5788695652175,Debit,38.023768115942026,7668.199707246376,Chittagong,1,phishing
NON_URL_TRANSACTION_PLACEHOLDER,190.61,Credit,39.0,2408.67,Khulna,0,legit
http://paypal.com,4.99,Debit,35.0,1200.0,Sylhet,1,adversarial
http://skriII.c0m,0.49,Debit,19.0,150.0,Chittagong,1,adversarial
http://p@yp@I.c0m,4.99,Debit,35.0,1200.0,Sylhet,1,adversarial
NON_URL_TRANSACTION_PLACEHOLDER,4353.02,Credit,41.0,437.23,Dhaka,0,legit
NON_URL_TRANSACTION_PLACEHOLDER,321.43,Debit,54.0,19668.72,Rajshahi,0,legit
NON_URL_TRANSACTION_PLACEHOLDER,3867.26,Credit,63.0,8116.3,Sylhet,0,legit
NON_URL_TRANSACTION_PLACEHOLDER,4679.79,Credit,40.0,20615.03,Rajshahi,0,legit
NON_URL_TRANSACTION_PLACEHOLDER,4066.8,Credit,53.0,10187.6,Dhaka,0,legit
NON_URL_TRANSACTION_PLACEHOLDER,720.5788695652175,Debit,38.023768115942026,7668.199707246376,Chittagong,1,phishing
NON_URL_TRANSACTION_PLACEHOLDER,2285.61,Credit,26.0,14896.62,Sylhet,0,legit
NON_URL_TRANSACTION_PLACEHOLDER,720.5788695652175,Debit,38.023768115942026,7668.199707246376,Chittagong,1,phishing
NON_URL_TRANSACTION_PLACEHOLDER,720.5788695652175,Debit,38.023768115942026,7668.199707246376,Chittagong,1,phishing
NON_URL_TRANSACTION_PLACEHOLDER,720.5788695652175,Debit,38.023768115942026,7668.199707246376,Chittagong,1,phishing
https://skrill.com,0.49,Debit,19.0,150.0,Chittagong,1,adversarial
NON_URL_TRANSACTION_PLACEHOLDER,720.5788695652175,Debit,38.023768115942026,7668.199707246376,Chittagong,1,phishing
http://paypal.com,4.99,Debit,35.0,1200.0,Sylhet,1,adversarial
NON_URL_TRANSACTION_PLACEHOLDER,1058.87,Credit,67.0,14748.04,Sylhet,0,legit
NON_URL_TRANSACTION_PLACEHOLDER,720.5788695652175,Debit,38.023768115942026,7668.199707246376,Chittagong,1,phishing
https://bankofamerica.com,9.99,Debit,60.0,300.0,Khulna,1,adversarial
http://skriII.c0m,0.49,Debit,19.0,150.0,Chittagong,1,adversarial
http://apple pay.com,1.99,Debit,22.0,500.0,Chittagong,1,adversarial
NON_URL_TRANSACTION_PLACEHOLDER,720.5788695652175,Debit,38.023768115942026,7668.199707246376,Chittagong,1,phishing
NON_URL_TRANSACTION_PLACEHOLDER,720.5788695652175,Debit,38.023768115942026,7668.199707246376,Chittagong,1,phishing
http://paypal.com,4.99,Debit,35.0,1200.0,Sylhet,1,adversarial
NON_URL_TRANSACTION_PLACEHOLDER,4577.42,Credit,37.0,42873.61,Khulna,0,legit
NON_URL_TRANSACTION_PLACEHOLDER,248.44,Credit,26.0,20936.19,Khulna,0,legit
NON_URL_TRANSACTION_PLACEHOLDER,2828.27,Debit,70.0,7517.67,Rajshahi,0,legit
NON_URL_TRANSACTION_PLACEHOLDER,3690.65,Credit,25.0,5070.34,Sylhet,0,legit
http://apple pay.com,9.99,Debit,22.0,500.0,Chittagong,1,adversarial
NON_URL_TRANSACTION_PLACEHOLDER,328.67,Debit,60.0,4955.92,Rajshahi,0,legit
http://paypal.com,4.99,Debit,35.0,1200.0,Sylhet,1,adversarial
NON_URL_TRANSACTION_PLACEHOLDER,1537.77,Credit,74.0,46617.07,Chittagong,0,legit
NON_URL_TRANSACTION_PLACEHOLDER,2167.93,Credit,30.0,7629.43,Khulna,0,legit
NON_URL_TRANSACTION_PLACEHOLDER,766.61,Debit,37.0,28641.81,Barisal,0,legit
NON_URL_TRANSACTION_PLACEHOLDER,1753.03,Credit,56.0,19496.85,Barisal,0,legit
NON_URL_TRANSACTION_PLACEHOLDER,4760.18,Debit,71.0,38754.57,Dhaka,0,legit
NON_URL_TRANSACTION_PLACEHOLDER,4144.49,Credit,69.0,4697.7,Khulna,0,legit
NON_URL_TRANSACTION_PLACEHOLDER,3675.18,Debit,62.0,19381.1,Khulna,0,legit
NON_URL_TRANSACTION_PLACEHOLDER,720.5788695652175,Debit,38.023768115942026,7668.199707246376,Chittagong,1,phishing
NON_URL_TRANSACTION_PLACEHOLDER,3543.13,Debit,29.0,45313.57,Sylhet,0,legit
NON_URL_TRANSACTION_PLACEHOLDER,1776.55,Debit,68.0,30615.61,Dhaka,0,legit
NON_URL_TRANSACTION_PLACEHOLDER,720.5788695652175,Debit,38.023768115942026,7668.199707246376,Chittagong,1,phishing
NON_URL_TRANSACTION_PLACEHOLDER,727.59,Debit,39.0,41947.97,Rajshahi,0,legit
NON_URL_TRANSACTION_PLACEHOLDER,301.61,Credit,68.0,9554.56,Chittagong,0,legit
NON_URL_TRANSACTION_PLACEHOLDER,720.5788695652175,Debit,38.023768115942026,7668.199707246376,Chittagong,1,phishing
NON_URL_TRANSACTION_PLACEHOLDER,3495.69,Credit,54.0,40686.46,Barisal,0,legit
NON_URL_TRANSACTION_PLACEHOLDER,3193.33,Debit,65.0,47923.95,Chittagong,0,legit
NON_URL_TRANSACTION_PLACEHOLDER,720.5788695652175,Debit,38.023768115942026,7668.199707246376,Chittagong,1,phishing
http://apple pay.com,1.99,Debit,22.0,500.0,Chittagong,1,adversarial
NON_URL_TRANSACTION_PLACEHOLDER,3644.07,Credit,31.0,36836.81,Barisal,0,legit
http://p@yp@I.c0m,4.99,Debit,35.0,1200.0,Sylhet,1,adversarial
https://paypal.com,4.99,Debit,35.0,1200.0,Sylhet,1,adversarial
https://bankofamerica.com,9.99,Debit,60.0,300.0,Khulna,1,adversarial
NON_URL_TRANSACTION_PLACEHOLDER,3457.59,Debit,55.0,17620.43,Barisal,0,legit
NON_URL_TRANSACTION_PLACEHOLDER,3430.19,Debit,19.0,4024.35,Barisal,0,legit
NON_URL_TRANSACTION_PLACEHOLDER,1580.66,Credit,71.0,40372.58,Dhaka,0,legit
https://bankofamerica.com,9.99,Debit,60.0,300.0,Khulna,1,adversarial
NON_URL_TRANSACTION_PLACEHOLDER,1452.46,Credit,26.0,7233.69,Sylhet,0,legit
NON_URL_TRANSACTION_PLACEHOLDER,720.5788695652175,Debit,38.023768115942026,7668.199707246376,Chittagong,1,phishing
NON_URL_TRANSACTION_PLACEHOLDER,1464.28,Credit,41.0,21773.06,Sylhet,0,legit
http://paypal.com,4.99,Debit,35.0,1200.0,Sylhet,1,adversarial
http://skrill.com,0.49,Debit,19.0,150.0,Chittagong,1,adversarial
http://p@yp@I.c0m,4.99,Debit,35.0,1200.0,Sylhet,1,adversarial
NON_URL_TRANSACTION_PLACEHOLDER,4171.3,Debit,67.0,257.48,Rajshahi,0,legit
NON_URL_TRANSACTION_PLACEHOLDER,720.5788695652175,Debit,38.023768115942026,7668.199707246376,Chittagong,1,phishing
NON_URL_TRANSACTION_PLACEHOLDER,998.12,Debit,23.0,48365.2,Dhaka,0,legit
NON_URL_TRANSACTION_PLACEHOLDER,2645.6,Credit,37.0,28708.55,Dhaka,0,legit
NON_URL_TRANSACTION_PLACEHOLDER,759.51,Credit,59.0,8793.65,Sylhet,0,legit
NON_URL_TRANSACTION_PLACEHOLDER,720.5788695652175,Debit,38.023768115942026,7668.199707246376,Chittagong,1,phishing
NON_URL_TRANSACTION_PLACEHOLDER,4482.12,Credit,26.0,39643.7,Rajshahi,0,legit
http://skrill.com,0.49,Debit,19.0,150.0,Chittagong,1,adversarial
http://paypal.com,1.99,Debit,35.0,1200.0,Sylhet,1,adversarial
NON_URL_TRANSACTION_PLACEHOLDER,4353.47,Debit,22.0,34591.65,Khulna,0,legit
http://paypal.com,4.99,Debit,35.0,1200.0,Sylhet,1,adversarial
NON_URL_TRANSACTION_PLACEHOLDER,1403.98,Credit,50.0,2278.18,Dhaka,0,legit
NON_URL_TRANSACTION_PLACEHOLDER,2825.31,Debit,51.0,14601.75,Barisal,0,legit
NON_URL_TRANSACTION_PLACEHOLDER,1462.94,Credit,55.0,25347.23,Rajshahi,0,legit
NON_URL_TRANSACTION_PLACEHOLDER,4702.1,Debit,53.0,47912.85,Sylhet,0,legit
NON_URL_TRANSACTION_PLACEHOLDER,4602.85,Debit,20.0,42065.02,Rajshahi,0,legit
NON_URL_TRANSACTION_PLACEHOLDER,3554.78,Debit,49.0,49945.42,Khulna,0,legit
NON_URL_TRANSACTION_PLACEHOLDER,3782.66,Credit,35.0,3286.32,Barisal,0,legit
https://bankofamerica.com,9.99,Debit,60.0,300.0,Khulna,1,adversarial
http://paypal.com,1.99,Debit,35.0,1200.0,Sylhet,1,adversarial
NON_URL_TRANSACTION_PLACEHOLDER,340.16,Credit,55.0,11848.05,Khulna,0,legit
NON_URL_TRANSACTION_PLACEHOLDER,4972.48,Debit,59.0,49319.4,Dhaka,0,legit
NON_URL_TRANSACTION_PLACEHOLDER,2091.41,Debit,59.0,31934.18,Barisal,0,legit
NON_URL_TRANSACTION_PLACEHOLDER,2361.33,Credit,33.0,24715.31,Sylhet,0,legit
NON_URL_TRANSACTION_PLACEHOLDER,2410.43,Debit,31.0,28086.27,Barisal,0,legit
NON_URL_TRANSACTION_PLACEHOLDER,2917.37,Credit,57.0,5442.07,Sylhet,0,legit
http://paypal.com,4.99,Debit,35.0,1200.0,Sylhet,1,adversarial
http://skrill.com,0.49,Debit,19.0,150.0,Chittagong,1,adversarial
NON_URL_TRANSACTION_PLACEHOLDER,4961.39,Debit,39.0,5365.01,Khulna,0,legit
http://skrill.com,0.49,Debit,19.0,150.0,Chittagong,1,adversarial
NON_URL_TRANSACTION_PLACEHOLDER,1128.77,Credit,37.0,7474.03,Barisal,0,legit
NON_URL_TRANSACTION_PLACEHOLDER,109.16,Debit,72.0,32036.36,Dhaka,0,legit
NON_URL_TRANSACTION_PLACEHOLDER,3980.45,Credit,57.0,45108.47,Dhaka,0,legit
NON_URL_TRANSACTION_PLACEHOLDER,1918.09,Credit,40.0,8018.73,Khulna,0,legit
NON_URL_TRANSACTION_PLACEHOLDER,720.5788695652175,Debit,38.023768115942026,7668.199707246376,Chittagong,1,phishing
NON_URL_TRANSACTION_PLACEHOLDER,176.62,Credit,65.0,16732.85,Chittagong,0,legit
https://bankofamerica.com,9.99,Debit,60.0,300.0,Khulna,1,adversarial
NON_URL_TRANSACTION_PLACEHOLDER,2392.72,Credit,21.0,12236.13,Barisal,0,legit
http://apple pay.com,9.99,Debit,22.0,500.0,Chittagong,1,adversarial
NON_URL_TRANSACTION_PLACEHOLDER,806.01,Debit,32.0,15765.25,Rajshahi,0,legit
NON_URL_TRANSACTION_PLACEHOLDER,720.5788695652175,Debit,38.023768115942026,7668.199707246376,Chittagong,1,phishing
NON_URL_TRANSACTION_PLACEHOLDER,4008.04,Credit,40.0,644.07,Sylhet,0,legit
NON_URL_TRANSACTION_PLACEHOLDER,549.47,Debit,68.0,34793.1,Barisal,0,legit
NON_URL_TRANSACTION_PLACEHOLDER,850.14,Debit,75.0,8006.25,Rajshahi,0,legit
NON_URL_TRANSACTION_PLACEHOLDER,720.5788695652175,Debit,38.023768115942026,7668.199707246376,Chittagong,1,phishing
http://apple pay.com,1.99,Debit,22.0,500.0,Chittagong,1,adversarial
NON_URL_TRANSACTION_PLACEHOLDER,3642.62,Debit,24.0,43036.86,Barisal,0,legit
http://apple pay.com,1.99,Debit,22.0,500.0,Chittagong,1,adversarial
http://@ppIe p@y.c0m,1.99,Debit,22.0,500.0,Chittagong,1,adversarial
NON_URL_TRANSACTION_PLACEHOLDER,720.5788695652175,Debit,38.023768115942026,7668.199707246376,Chittagong,1,phishing
NON_URL_TRANSACTION_PLACEHOLDER,2349.32,Credit,70.0,42218.17,Khulna,0,legit
NON_URL_TRANSACTION_PLACEHOLDER,3153.73,Debit,68.0,24464.72,Dhaka,0,legit
NON_URL_TRANSACTION_PLACEHOLDER,250.61,Debit,54.0,22043.31,Chittagong,0,legit
NON_URL_TRANSACTION_PLACEHOLDER,272.36,Credit,24.0,12681.76,Khulna,0,legit
http://paypal.com,0.49,Debit,35.0,1200.0,Sylhet,1,adversarial
NON_URL_TRANSACTION_PLACEHOLDER,4428.27,Debit,25.0,26508.1,Barisal,0,legit
https://b@nk0f@meric@.c0m,9.99,Debit,60.0,300.0,Khulna,1,adversarial
NON_URL_TRANSACTION_PLACEHOLDER,3882.38,Debit,48.0,19779.7,Rajshahi,0,legit
NON_URL_TRANSACTION_PLACEHOLDER,720.5788695652175,Debit,38.023768115942026,7668.199707246376,Chittagong,1,phishing
NON_URL_TRANSACTION_PLACEHOLDER,2952.06,Debit,28.0,18181.16,Khulna,0,legit
NON_URL_TRANSACTION_PLACEHOLDER,230.47,Debit,73.0,42338.62,Chittagong,0,legit
NON_URL_TRANSACTION_PLACEHOLDER,720.5788695652175,Debit,38.023768115942026,7668.199707246376,Chittagong,1,phishing
http://apple pay.com,1.99,Debit,22.0,500.0,Chittagong,1,adversarial
NON_URL_TRANSACTION_PLACEHOLDER,3240.1,Debit,52.0,4840.55,Rajshahi,0,legit
NON_URL_TRANSACTION_PLACEHOLDER,4537.31,Credit,68.0,29644.6,Barisal,0,legit
https://bankofamerica.com,9.99,Debit,60.0,300.0,Khulna,1,adversarial
NON_URL_TRANSACTION_PLACEHOLDER,720.5788695652175,Debit,38.023768115942026,7668.199707246376,Chittagong,1,phishing
NON_URL_TRANSACTION_PLACEHOLDER,1506.66,Debit,43.0,926.48,Rajshahi,0,legit
NON_URL_TRANSACTION_PLACEHOLDER,552.73,Credit,59.0,9631.58,Chittagong,0,legit
https://bankofamerica.com,9.99,Debit,60.0,300.0,Khulna,1,adversarial
http://apple pay.com,9.99,Debit,22.0,500.0,Chittagong,1,adversarial
NON_URL_TRANSACTION_PLACEHOLDER,3504.38,Debit,56.0,6738.92,Rajshahi,0,legit
https://bankofamerica.com,9.99,Debit,60.0,300.0,Khulna,1,adversarial
http://@ppIe p@y.c0m,1.99,Debit,22.0,500.0,Chittagong,1,adversarial
NON_URL_TRANSACTION_PLACEHOLDER,720.5788695652175,Debit,38.023768115942026,7668.199707246376,Chittagong,1,phishing
NON_URL_TRANSACTION_PLACEHOLDER,720.5788695652175,Debit,38.023768115942026,7668.199707246376,Chittagong,1,phishing
NON_URL_TRANSACTION_PLACEHOLDER,2034.93,Debit,59.0,37250.96,Dhaka,0,legit
https://bankofamerica.com,9.99,Debit,60.0,300.0,Khulna,1,adversarial
NON_URL_TRANSACTION_PLACEHOLDER,2834.31,Debit,20.0,1814.82,Dhaka,0,legit
http://apple pay.com,9.99,Debit,22.0,500.0,Chittagong,1,adversarial
https://bankofamerica.com,5.0,Debit,60.0,300.0,Khulna,1,adversarial
NON_URL_TRANSACTION_PLACEHOLDER,2375.14,Debit,48.0,39940.66,Rajshahi,0,legit
http://skrill.com,9.99,Debit,19.0,150.0,Chittagong,1,adversarial
https://bankofamerica.com,9.99,Debit,60.0,300.0,Khulna,1,adversarial
https://bankofamerica.com,9.99,Debit,60.0,300.0,Khulna,1,adversarial
NON_URL_TRANSACTION_PLACEHOLDER,720.5788695652175,Debit,38.023768115942026,7668.199707246376,Chittagong,1,phishing
NON_URL_TRANSACTION_PLACEHOLDER,4319.86,Credit,26.0,6884.56,Chittagong,0,legit
http://paypal.com,4.99,Debit,35.0,1200.0,Sylhet,1,adversarial
https://bankofamerica.com,5.0,Debit,60.0,300.0,Khulna,1,adversarial
https://skrill.com,0.49,Debit,19.0,150.0,Chittagong,1,adversarial
NON_URL_TRANSACTION_PLACEHOLDER,1794.99,Credit,35.0,39024.42,Barisal,0,legit
NON_URL_TRANSACTION_PLACEHOLDER,1777.92,Debit,19.0,3199.9,Barisal,0,legit
https://b@nk0f@meric@.c0m,9.99,Debit,60.0,300.0,Khulna,1,adversarial
NON_URL_TRANSACTION_PLACEHOLDER,1474.16,Debit,35.0,2040.47,Chittagong,0,legit
NON_URL_TRANSACTION_PLACEHOLDER,2820.37,Debit,31.0,7696.25,Sylhet,0,legit
NON_URL_TRANSACTION_PLACEHOLDER,1681.17,Debit,18.0,15774.56,Barisal,0,legit
http://skrill.com,1.99,Debit,19.0,150.0,Chittagong,1,adversarial
NON_URL_TRANSACTION_PLACEHOLDER,183.61,Debit,21.0,6343.78,Rajshahi,0,legit
NON_URL_TRANSACTION_PLACEHOLDER,4337.92,Debit,45.0,16452.65,Khulna,0,legit
http://apple pay.com,1.99,Debit,22.0,500.0,Chittagong,1,adversarial
NON_URL_TRANSACTION_PLACEHOLDER,2566.04,Credit,60.0,12904.78,Rajshahi,0,legit
http://skriII.c0m,0.49,Debit,19.0,150.0,Chittagong,1,adversarial
http://skrill.com,0.49,Debit,19.0,150.0,Chittagong,1,adversarial
http://paypal.com,4.99,Debit,35.0,1200.0,Sylhet,1,adversarial
http://skrill.com,1.99,Debit,19.0,150.0,Chittagong,1,adversarial
NON_URL_TRANSACTION_PLACEHOLDER,720.5788695652175,Debit,38.023768115942026,7668.199707246376,Chittagong,1,phishing
NON_URL_TRANSACTION_PLACEHOLDER,720.5788695652175,Debit,38.023768115942026,7668.199707246376,Chittagong,1,phishing
NON_URL_TRANSACTION_PLACEHOLDER,926.39,Debit,29.0,7965.67,Rajshahi,0,legit
NON_URL_TRANSACTION_PLACEHOLDER,3628.0,Credit,42.0,26295.11,Rajshahi,0,legit
NON_URL_TRANSACTION_PLACEHOLDER,1014.94,Debit,66.0,6808.99,Chittagong,0,legit
NON_URL_TRANSACTION_PLACEHOLDER,3583.63,Debit,62.0,14127.4,Khulna,0,legit
NON_URL_TRANSACTION_PLACEHOLDER,4558.27,Credit,31.0,26083.3,Chittagong,0,legit
NON_URL_TRANSACTION_PLACEHOLDER,676.74,Debit,68.0,24210.26,Khulna,0,legit
NON_URL_TRANSACTION_PLACEHOLDER,4790.56,Debit,27.0,25779.48,Rajshahi,0,legit
NON_URL_TRANSACTION_PLACEHOLDER,3068.57,Debit,59.0,35142.66,Dhaka,0,legit
http://skriII.c0m,0.49,Debit,19.0,150.0,Chittagong,1,adversarial
https://bankofamerica.com,1.99,Debit,60.0,300.0,Khulna,1,adversarial
NON_URL_TRANSACTION_PLACEHOLDER,816.89,Debit,27.0,23343.19,Sylhet,0,legit
https://paypal.com,4.99,Debit,35.0,1200.0,Sylhet,1,adversarial
NON_URL_TRANSACTION_PLACEHOLDER,720.5788695652175,Debit,38.023768115942026,7668.199707246376,Chittagong,1,phishing
https://b@nk0f@meric@.c0m,9.99,Debit,60.0,300.0,Khulna,1,adversarial
NON_URL_TRANSACTION_PLACEHOLDER,1095.73,Debit,30.0,23764.35,Rajshahi,0,legit
NON_URL_TRANSACTION_PLACEHOLDER,3989.08,Debit,43.0,630.07,Chittagong,0,legit
NON_URL_TRANSACTION_PLACEHOLDER,2034.4,Credit,22.0,7264.81,Khulna,0,legit
http://paypal.com,5.0,Debit,35.0,1200.0,Sylhet,1,adversarial
NON_URL_TRANSACTION_PLACEHOLDER,864.63,Credit,56.0,2641.37,Khulna,0,legit
NON_URL_TRANSACTION_PLACEHOLDER,3707.74,Credit,75.0,11513.44,Rajshahi,0,legit
NON_URL_TRANSACTION_PLACEHOLDER,748.25,Debit,45.0,9563.57,Barisal,0,legit
http://@ppIe p@y.c0m,1.99,Debit,22.0,500.0,Chittagong,1,adversarial
NON_URL_TRANSACTION_PLACEHOLDER,294.97,Credit,51.0,46609.45,Barisal,0,legit
http://p@yp@I.c0m,4.99,Debit,35.0,1200.0,Sylhet,1,adversarial
https://skrill.com,0.49,Debit,19.0,150.0,Chittagong,1,adversarial
NON_URL_TRANSACTION_PLACEHOLDER,720.5788695652175,Debit,38.023768115942026,7668.199707246376,Chittagong,1,phishing
https://bankofamerica.com,9.99,Debit,60.0,300.0,Khulna,1,adversarial
NON_URL_TRANSACTION_PLACEHOLDER,3633.5,Credit,18.0,41047.59,Khulna,0,legit
NON_URL_TRANSACTION_PLACEHOLDER,804.31,Debit,37.0,10069.44,Khulna,0,legit
http://skriII.c0m,0.49,Debit,19.0,150.0,Chittagong,1,adversarial
NON_URL_TRANSACTION_PLACEHOLDER,2774.71,Debit,34.0,42179.12,Sylhet,0,legit
NON_URL_TRANSACTION_PLACEHOLDER,1375.43,Credit,64.0,49811.55,Rajshahi,0,legit
NON_URL_TRANSACTION_PLACEHOLDER,4380.23,Credit,50.0,32280.73,Rajshahi,0,legit
NON_URL_TRANSACTION_PLACEHOLDER,3019.03,Credit,25.0,1012.0,Dhaka,0,legit
http://skrill.com,0.49,Debit,19.0,150.0,Chittagong,1,adversarial
NON_URL_TRANSACTION_PLACEHOLDER,1225.15,Debit,57.0,3931.52,Sylhet,0,legit
NON_URL_TRANSACTION_PLACEHOLDER,720.5788695652175,Debit,38.023768115942026,7668.199707246376,Chittagong,1,phishing
NON_URL_TRANSACTION_PLACEHOLDER,720.5788695652175,Debit,38.023768115942026,7668.199707246376,Chittagong,1,phishing
https://bankofamerica.com,9.99,Debit,60.0,300.0,Khulna,1,adversarial
https://paypal.com,4.99,Debit,35.0,1200.0,Sylhet,1,adversarial
https://apple pay.com,1.99,Debit,22.0,500.0,Chittagong,1,adversarial
NON_URL_TRANSACTION_PLACEHOLDER,720.5788695652175,Debit,38.023768115942026,7668.199707246376,Chittagong,1,phishing
http://paypal.com,4.99,Debit,35.0,1200.0,Sylhet,1,adversarial
http://apple pay.com,5.0,Debit,22.0,500.0,Chittagong,1,adversarial
https://bankofamerica.com,9.99,Debit,60.0,300.0,Khulna,1,adversarial
NON_URL_TRANSACTION_PLACEHOLDER,2991.0,Debit,31.0,18223.4,Dhaka,0,legit
NON_URL_TRANSACTION_PLACEHOLDER,160.89,Credit,61.0,40033.85,Chittagong,0,legit
NON_URL_TRANSACTION_PLACEHOLDER,720.5788695652175,Debit,38.023768115942026,7668.199707246376,Chittagong,1,phishing
NON_URL_TRANSACTION_PLACEHOLDER,509.76,Credit,58.0,27807.87,Khulna,0,legit
NON_URL_TRANSACTION_PLACEHOLDER,720.5788695652175,Debit,38.023768115942026,7668.199707246376,Chittagong,1,phishing
NON_URL_TRANSACTION_PLACEHOLDER,449.37,Credit,62.0,35887.02,Chittagong,0,legit
https://apple pay.com,1.99,Debit,22.0,500.0,Chittagong,1,adversarial
NON_URL_TRANSACTION_PLACEHOLDER,2255.34,Debit,36.0,1933.33,Dhaka,0,legit
NON_URL_TRANSACTION_PLACEHOLDER,4582.12,Debit,23.0,4010.05,Barisal,0,legit
http://@ppIe p@y.c0m,1.99,Debit,22.0,500.0,Chittagong,1,adversarial
NON_URL_TRANSACTION_PLACEHOLDER,4212.73,Debit,44.0,43616.85,Rajshahi,0,legit
http://paypal.com,4.99,Debit,35.0,1200.0,Sylhet,1,adversarial
NON_URL_TRANSACTION_PLACEHOLDER,3172.15,Credit,39.0,23318.71,Sylhet,0,legit
https://bankofamerica.com,9.99,Debit,60.0,300.0,Khulna,1,adversarial
NON_URL_TRANSACTION_PLACEHOLDER,4724.44,Credit,29.0,33200.28,Khulna,0,legit
http://skrill.com,0.49,Debit,19.0,150.0,Chittagong,1,adversarial
NON_URL_TRANSACTION_PLACEHOLDER,3348.96,Debit,51.0,14726.46,Barisal,0,legit
NON_URL_TRANSACTION_PLACEHOLDER,415.12,Debit,47.0,49100.43,Chittagong,0,legit
https://bankofamerica.com,0.49,Debit,60.0,300.0,Khulna,1,adversarial
NON_URL_TRANSACTION_PLACEHOLDER,2664.89,Credit,34.0,24136.44,Chittagong,0,legit
NON_URL_TRANSACTION_PLACEHOLDER,1214.66,Credit,62.0,23005.75,Rajshahi,0,legit
NON_URL_TRANSACTION_PLACEHOLDER,720.5788695652175,Debit,38.023768115942026,7668.199707246376,Chittagong,1,phishing
NON_URL_TRANSACTION_PLACEHOLDER,1712.3,Debit,48.0,13971.14,Sylhet,0,legit
NON_URL_TRANSACTION_PLACEHOLDER,720.5788695652175,Debit,38.023768115942026,7668.199707246376,Chittagong,1,phishing
https://bankofamerica.com,9.99,Debit,60.0,300.0,Khulna,1,adversarial
https://paypal.com,4.99,Debit,35.0,1200.0,Sylhet,1,adversarial
NON_URL_TRANSACTION_PLACEHOLDER,4034.88,Debit,68.0,6359.12,Dhaka,0,legit
NON_URL_TRANSACTION_PLACEHOLDER,2636.76,Credit,58.0,43722.17,Rajshahi,0,legit
https://bankofamerica.com,9.99,Debit,60.0,300.0,Khulna,1,adversarial
NON_URL_TRANSACTION_PLACEHOLDER,950.49,Credit,31.0,37293.48,Khulna,0,legit
NON_URL_TRANSACTION_PLACEHOLDER,837.38,Credit,46.0,38900.77,Sylhet,0,legit
NON_URL_TRANSACTION_PLACEHOLDER,4933.27,Credit,56.0,11638.63,Khulna,0,legit
https://bankofamerica.com,9.99,Debit,60.0,300.0,Khulna,1,adversarial
http://@ppIe p@y.c0m,1.99,Debit,22.0,500.0,Chittagong,1,adversarial
NON_URL_TRANSACTION_PLACEHOLDER,4741.66,Credit,67.0,22190.49,Barisal,0,legit
NON_URL_TRANSACTION_PLACEHOLDER,720.5788695652175,Debit,38.023768115942026,7668.199707246376,Chittagong,1,phishing
http://paypal.com,4.99,Debit,35.0,1200.0,Sylhet,1,adversarial
http://skrill.com,5.0,Debit,19.0,150.0,Chittagong,1,adversarial
https://paypal.com,4.99,Debit,35.0,1200.0,Sylhet,1,adversarial
https://paypal.com,4.99,Debit,35.0,1200.0,Sylhet,1,adversarial
NON_URL_TRANSACTION_PLACEHOLDER,720.5788695652175,Debit,38.023768115942026,7668.199707246376,Chittagong,1,phishing
NON_URL_TRANSACTION_PLACEHOLDER,4912.19,Debit,52.0,47601.37,Chittagong,0,legit
NON_URL_TRANSACTION_PLACEHOLDER,790.79,Credit,34.0,13637.44,Khulna,0,legit
NON_URL_TRANSACTION_PLACEHOLDER,720.5788695652175,Debit,38.023768115942026,7668.199707246376,Chittagong,1,phishing
NON_URL_TRANSACTION_PLACEHOLDER,4219.54,Debit,30.0,49144.11,Chittagong,0,legit
https://bankofamerica.com,5.0,Debit,60.0,300.0,Khulna,1,adversarial
NON_URL_TRANSACTION_PLACEHOLDER,720.5788695652175,Debit,38.023768115942026,7668.199707246376,Chittagong,1,phishing
http://apple pay.com,1.99,Debit,22.0,500.0,Chittagong,1,adversarial
NON_URL_TRANSACTION_PLACEHOLDER,2652.71,Credit,29.0,23675.64,Rajshahi,0,legit
NON_URL_TRANSACTION_PLACEHOLDER,1936.46,Credit,71.0,23985.51,Rajshahi,0,legit
NON_URL_TRANSACTION_PLACEHOLDER,720.5788695652175,Debit,38.023768115942026,7668.199707246376,Chittagong,1,phishing
https://bankofamerica.com,9.99,Debit,60.0,300.0,Khulna,1,adversarial
http://apple pay.com,5.0,Debit,22.0,500.0,Chittagong,1,adversarial
NON_URL_TRANSACTION_PLACEHOLDER,720.5788695652175,Debit,38.023768115942026,7668.199707246376,Chittagong,1,phishing
NON_URL_TRANSACTION_PLACEHOLDER,3149.28,Credit,66.0,46751.93,Barisal,0,legit
NON_URL_TRANSACTION_PLACEHOLDER,116.15,Debit,70.0,43445.54,Chittagong,0,legit
NON_URL_TRANSACTION_PLACEHOLDER,4444.22,Debit,49.0,29407.28,Sylhet,0,legit
NON_URL_TRANSACTION_PLACEHOLDER,720.5788695652175,Debit,38.023768115942026,7668.199707246376,Chittagong,1,phishing
NON_URL_TRANSACTION_PLACEHOLDER,720.5788695652175,Debit,38.023768115942026,7668.199707246376,Chittagong,1,phishing
NON_URL_TRANSACTION_PLACEHOLDER,3438.11,Debit,32.0,29788.22,Barisal,0,legit
NON_URL_TRANSACTION_PLACEHOLDER,527.67,Credit,38.0,39306.66,Barisal,0,legit
NON_URL_TRANSACTION_PLACEHOLDER,3183.21,Credit,24.0,18862.59,Barisal,0,legit
NON_URL_TRANSACTION_PLACEHOLDER,2873.28,Debit,61.0,221.8,Khulna,0,legit
NON_URL_TRANSACTION_PLACEHOLDER,2050.75,Debit,75.0,29728.02,Dhaka,0,legit
http://skrill.com,0.49,Debit,19.0,150.0,Chittagong,1,adversarial
https://skrill.com,0.49,Debit,19.0,150.0,Chittagong,1,adversarial
http://skriII.c0m,0.49,Debit,19.0,150.0,Chittagong,1,adversarial
https://bankofamerica.com,9.99,Debit,60.0,300.0,Khulna,1,adversarial
http://paypal.com,4.99,Debit,35.0,1200.0,Sylhet,1,adversarial
https://b@nk0f@meric@.c0m,9.99,Debit,60.0,300.0,Khulna,1,adversarial
NON_URL_TRANSACTION_PLACEHOLDER,3251.55,Credit,55.0,41861.97,Dhaka,0,legit
NON_URL_TRANSACTION_PLACEHOLDER,720.5788695652175,Debit,38.023768115942026,7668.199707246376,Chittagong,1,phishing
NON_URL_TRANSACTION_PLACEHOLDER,720.5788695652175,Debit,38.023768115942026,7668.199707246376,Chittagong,1,phishing
NON_URL_TRANSACTION_PLACEHOLDER,942.43,Debit,37.0,19195.13,Khulna,0,legit
NON_URL_TRANSACTION_PLACEHOLDER,720.5788695652175,Debit,38.023768115942026,7668.199707246376,Chittagong,1,phishing
NON_URL_TRANSACTION_PLACEHOLDER,3891.22,Debit,26.0,47941.19,Rajshahi,0,legit
NON_URL_TRANSACTION_PLACEHOLDER,720.5788695652175,Debit,38.023768115942026,7668.199707246376,Chittagong,1,phishing
http://apple pay.com,1.99,Debit,22.0,500.0,Chittagong,1,adversarial
NON_URL_TRANSACTION_PLACEHOLDER,208.78,Credit,62.0,23187.73,Barisal,0,legit
NON_URL_TRANSACTION_PLACEHOLDER,4660.95,Debit,61.0,30813.45,Chittagong,0,legit
NON_URL_TRANSACTION_PLACEHOLDER,720.5788695652175,Debit,38.023768115942026,7668.199707246376,Chittagong,1,phishing
http://apple pay.com,1.99,Debit,22.0,500.0,Chittagong,1,adversarial
http://apple pay.com,1.99,Debit,22.0,500.0,Chittagong,1,adversarial
http://paypal.com,4.99,Debit,35.0,1200.0,Sylhet,1,adversarial
NON_URL_TRANSACTION_PLACEHOLDER,833.14,Debit,53.0,38179.78,Chittagong,0,legit
NON_URL_TRANSACTION_PLACEHOLDER,720.5788695652175,Debit,38.023768115942026,7668.199707246376,Chittagong,1,phishing
NON_URL_TRANSACTION_PLACEHOLDER,470.76,Credit,30.0,29014.73,Khulna,0,legit
NON_URL_TRANSACTION_PLACEHOLDER,1233.31,Credit,59.0,1958.8,Sylhet,0,legit
NON_URL_TRANSACTION_PLACEHOLDER,2998.07,Debit,21.0,25962.14,Barisal,0,legit
NON_URL_TRANSACTION_PLACEHOLDER,2144.82,Credit,21.0,39221.88,Chittagong,0,legit
NON_URL_TRANSACTION_PLACEHOLDER,4662.12,Credit,24.0,15294.76,Dhaka,0,legit
NON_URL_TRANSACTION_PLACEHOLDER,3538.0,Credit,57.0,36921.45,Khulna,0,legit
NON_URL_TRANSACTION_PLACEHOLDER,720.5788695652175,Debit,38.023768115942026,7668.199707246376,Chittagong,1,phishing
NON_URL_TRANSACTION_PLACEHOLDER,4774.78,Debit,22.0,46571.01,Chittagong,0,legit
NON_URL_TRANSACTION_PLACEHOLDER,2378.56,Debit,52.0,18191.34,Sylhet,0,legit
NON_URL_TRANSACTION_PLACEHOLDER,2880.3,Debit,39.0,13863.23,Khulna,0,legit
NON_URL_TRANSACTION_PLACEHOLDER,720.5788695652175,Debit,38.023768115942026,7668.199707246376,Chittagong,1,phishing
http://apple pay.com,1.99,Debit,22.0,500.0,Chittagong,1,adversarial
https://apple pay.com,1.99,Debit,22.0,500.0,Chittagong,1,adversarial
http://skrill.com,0.49,Debit,19.0,150.0,Chittagong,1,adversarial
NON_URL_TRANSACTION_PLACEHOLDER,2629.02,Debit,24.0,34219.15,Chittagong,0,legit
NON_URL_TRANSACTION_PLACEHOLDER,1336.21,Debit,24.0,48444.03,Dhaka,0,legit
http://paypal.com,9.99,Debit,35.0,1200.0,Sylhet,1,adversarial
NON_URL_TRANSACTION_PLACEHOLDER,4366.73,Debit,39.0,32237.66,Rajshahi,0,legit
NON_URL_TRANSACTION_PLACEHOLDER,720.5788695652175,Debit,38.023768115942026,7668.199707246376,Chittagong,1,phishing
http://skrill.com,0.49,Debit,19.0,150.0,Chittagong,1,adversarial
NON_URL_TRANSACTION_PLACEHOLDER,3572.72,Debit,48.0,41560.82,Khulna,0,legit
NON_URL_TRANSACTION_PLACEHOLDER,2915.67,Debit,33.0,43621.22,Khulna,0,legit
NON_URL_TRANSACTION_PLACEHOLDER,720.5788695652175,Debit,38.023768115942026,7668.199707246376,Chittagong,1,phishing
NON_URL_TRANSACTION_PLACEHOLDER,1622.27,Credit,53.0,23007.02,Sylhet,0,legit
http://paypal.com,4.99,Debit,35.0,1200.0,Sylhet,1,adversarial
http://skrill.com,0.49,Debit,19.0,150.0,Chittagong,1,adversarial
NON_URL_TRANSACTION_PLACEHOLDER,2431.38,Debit,31.0,7464.8,Rajshahi,0,legit
https://bankofamerica.com,9.99,Debit,60.0,300.0,Khulna,1,adversarial
NON_URL_TRANSACTION_PLACEHOLDER,2601.28,Credit,74.0,1214.52,Khulna,0,legit
NON_URL_TRANSACTION_PLACEHOLDER,2227.42,Debit,60.0,4725.85,Barisal,0,legit
NON_URL_TRANSACTION_PLACEHOLDER,2230.81,Debit,58.0,5733.01,Rajshahi,0,legit
NON_URL_TRANSACTION_PLACEHOLDER,4806.09,Credit,67.0,43140.62,Khulna,0,legit
NON_URL_TRANSACTION_PLACEHOLDER,1761.64,Debit,22.0,47833.86,Chittagong,0,legit
NON_URL_TRANSACTION_PLACEHOLDER,2619.19,Debit,72.0,41611.43,Sylhet,0,legit
http://apple pay.com,1.99,Debit,22.0,500.0,Chittagong,1,adversarial
NON_URL_TRANSACTION_PLACEHOLDER,720.5788695652175,Debit,38.023768115942026,7668.199707246376,Chittagong,1,phishing
NON_URL_TRANSACTION_PLACEHOLDER,1719.1,Credit,19.0,46372.55,Rajshahi,0,legit
NON_URL_TRANSACTION_PLACEHOLDER,3780.15,Debit,64.0,8448.93,Sylhet,0,legit
https://bankofamerica.com,9.99,Debit,60.0,300.0,Khulna,1,adversarial
NON_URL_TRANSACTION_PLACEHOLDER,703.14,Debit,24.0,44249.45,Khulna,0,legit
NON_URL_TRANSACTION_PLACEHOLDER,720.5788695652175,Debit,38.023768115942026,7668.199707246376,Chittagong,1,phishing
NON_URL_TRANSACTION_PLACEHOLDER,2517.37,Credit,25.0,42879.81,Khulna,0,legit
NON_URL_TRANSACTION_PLACEHOLDER,187.15,Credit,54.0,41526.9,Chittagong,0,legit
NON_URL_TRANSACTION_PLACEHOLDER,4907.47,Credit,25.0,1537.65,Khulna,0,legit
NON_URL_TRANSACTION_PLACEHOLDER,720.5788695652175,Debit,38.023768115942026,7668.199707246376,Chittagong,1,phishing
NON_URL_TRANSACTION_PLACEHOLDER,347.37,Credit,30.0,3008.02,Khulna,0,legit
NON_URL_TRANSACTION_PLACEHOLDER,2265.47,Credit,45.0,1901.11,Barisal,0,legit
https://skrill.com,0.49,Debit,19.0,150.0,Chittagong,1,adversarial
NON_URL_TRANSACTION_PLACEHOLDER,1987.89,Debit,38.0,39326.11,Dhaka,0,legit
NON_URL_TRANSACTION_PLACEHOLDER,4683.32,Credit,34.0,36773.12,Dhaka,0,legit
http://paypal.com,4.99,Debit,35.0,1200.0,Sylhet,1,adversarial
https://apple pay.com,1.99,Debit,22.0,500.0,Chittagong,1,adversarial
NON_URL_TRANSACTION_PLACEHOLDER,870.98,Debit,20.0,25984.85,Sylhet,0,legit
NON_URL_TRANSACTION_PLACEHOLDER,3945.3,Debit,27.0,35861.08,Barisal,0,legit
https://apple pay.com,1.99,Debit,22.0,500.0,Chittagong,1,adversarial
http://paypal.com,4.99,Debit,35.0,1200.0,Sylhet,1,adversarial
NON_URL_TRANSACTION_PLACEHOLDER,2453.81,Credit,63.0,29063.51,Dhaka,0,legit
NON_URL_TRANSACTION_PLACEHOLDER,4537.39,Credit,34.0,46010.95,Khulna,0,legit
NON_URL_TRANSACTION_PLACEHOLDER,799.55,Debit,62.0,11510.82,Sylhet,0,legit
http://skrill.com,0.49,Debit,19.0,150.0,Chittagong,1,adversarial
NON_URL_TRANSACTION_PLACEHOLDER,720.5788695652175,Debit,38.023768115942026,7668.199707246376,Chittagong,1,phishing
https://bankofamerica.com,9.99,Debit,60.0,300.0,Khulna,1,adversarial
NON_URL_TRANSACTION_PLACEHOLDER,794.06,Debit,33.0,47196.84,Dhaka,0,legit
NON_URL_TRANSACTION_PLACEHOLDER,720.5788695652175,Debit,38.023768115942026,7668.199707246376,Chittagong,1,phishing
http://apple pay.com,1.99,Debit,22.0,500.0,Chittagong,1,adversarial
NON_URL_TRANSACTION_PLACEHOLDER,4321.11,Credit,45.0,19456.52,Dhaka,0,legit
NON_URL_TRANSACTION_PLACEHOLDER,1245.38,Debit,61.0,43120.89,Rajshahi,0,legit
NON_URL_TRANSACTION_PLACEHOLDER,178.21,Credit,50.0,26078.92,Sylhet,0,legit
NON_URL_TRANSACTION_PLACEHOLDER,2148.33,Credit,56.0,43130.66,Dhaka,0,legit
http://skrill.com,0.49,Debit,19.0,150.0,Chittagong,1,adversarial
NON_URL_TRANSACTION_PLACEHOLDER,3601.4,Credit,53.0,40335.99,Dhaka,0,legit
NON_URL_TRANSACTION_PLACEHOLDER,3372.13,Debit,39.0,19075.89,Sylhet,0,legit
https://bankofamerica.com,0.49,Debit,60.0,300.0,Khulna,1,adversarial
https://bankofamerica.com,1.99,Debit,60.0,300.0,Khulna,1,adversarial
NON_URL_TRANSACTION_PLACEHOLDER,4055.34,Debit,38.0,23243.55,Chittagong,0,legit
NON_URL_TRANSACTION_PLACEHOLDER,720.5788695652175,Debit,38.023768115942026,7668.199707246376,Chittagong,1,phishing
http://apple pay.com,1.99,Debit,22.0,500.0,Chittagong,1,adversarial
NON_URL_TRANSACTION_PLACEHOLDER,4126.66,Credit,57.0,46846.1,Dhaka,0,legit
NON_URL_TRANSACTION_PLACEHOLDER,720.5788695652175,Debit,38.023768115942026,7668.199707246376,Chittagong,1,phishing
NON_URL_TRANSACTION_PLACEHOLDER,444.24,Credit,30.0,43070.15,Rajshahi,0,legit
http://skrill.com,0.49,Debit,19.0,150.0,Chittagong,1,adversarial
http://paypal.com,1.99,Debit,35.0,1200.0,Sylhet,1,adversarial
NON_URL_TRANSACTION_PLACEHOLDER,720.5788695652175,Debit,38.023768115942026,7668.199707246376,Chittagong,1,phishing
http://skriII.c0m,0.49,Debit,19.0,150.0,Chittagong,1,adversarial
NON_URL_TRANSACTION_PLACEHOLDER,4707.87,Credit,30.0,44295.65,Chittagong,0,legit
NON_URL_TRANSACTION_PLACEHOLDER,3359.52,Debit,42.0,43749.1,Rajshahi,0,legit
NON_URL_TRANSACTION_PLACEHOLDER,1679.73,Debit,47.0,49567.02,Rajshahi,0,legit
NON_URL_TRANSACTION_PLACEHOLDER,720.5788695652175,Debit,38.023768115942026,7668.199707246376,Chittagong,1,phishing
http://@ppIe p@y.c0m,1.99,Debit,22.0,500.0,Chittagong,1,adversarial
http://apple pay.com,1.99,Debit,22.0,500.0,Chittagong,1,adversarial
NON_URL_TRANSACTION_PLACEHOLDER,68.25,Credit,42.0,37250.82,Barisal,0,legit
NON_URL_TRANSACTION_PLACEHOLDER,2216.93,Debit,48.0,48630.0,Khulna,0,legit
NON_URL_TRANSACTION_PLACEHOLDER,4739.38,Debit,70.0,9715.89,Chittagong,0,legit
NON_URL_TRANSACTION_PLACEHOLDER,917.01,Credit,53.0,10087.86,Khulna,0,legit
NON_URL_TRANSACTION_PLACEHOLDER,1273.21,Credit,75.0,4713.25,Khulna,0,legit
https://bankofamerica.com,5.0,Debit,60.0,300.0,Khulna,1,adversarial
http://paypal.com,4.99,Debit,35.0,1200.0,Sylhet,1,adversarial
http://skrill.com,0.49,Debit,19.0,150.0,Chittagong,1,adversarial
NON_URL_TRANSACTION_PLACEHOLDER,720.5788695652175,Debit,38.023768115942026,7668.199707246376,Chittagong,1,phishing
NON_URL_TRANSACTION_PLACEHOLDER,1580.34,Credit,53.0,48554.52,Rajshahi,0,legit
NON_URL_TRANSACTION_PLACEHOLDER,720.5788695652175,Debit,38.023768115942026,7668.199707246376,Chittagong,1,phishing
http://paypal.com,4.99,Debit,35.0,1200.0,Sylhet,1,adversarial
NON_URL_TRANSACTION_PLACEHOLDER,720.5788695652175,Debit,38.023768115942026,7668.199707246376,Chittagong,1,phishing
http://skrill.com,1.99,Debit,19.0,150.0,Chittagong,1,adversarial
NON_URL_TRANSACTION_PLACEHOLDER,720.5788695652175,Debit,38.023768115942026,7668.199707246376,Chittagong,1,phishing
NON_URL_TRANSACTION_PLACEHOLDER,442.21,Credit,40.0,9348.74,Barisal,0,legit
http://skrill.com,0.49,Debit,19.0,150.0,Chittagong,1,adversarial
NON_URL_TRANSACTION_PLACEHOLDER,1995.25,Debit,19.0,41456.06,Chittagong,0,legit
NON_URL_TRANSACTION_PLACEHOLDER,2374.45,Debit,35.0,33636.48,Chittagong,0,legit
https://bankofamerica.com,9.99,Debit,60.0,300.0,Khulna,1,adversarial
NON_URL_TRANSACTION_PLACEHOLDER,720.5788695652175,Debit,38.023768115942026,7668.199707246376,Chittagong,1,phishing
http://paypal.com,4.99,Debit,35.0,1200.0,Sylhet,1,adversarial
NON_URL_TRANSACTION_PLACEHOLDER,4589.31,Credit,59.0,33627.96,Barisal,0,legit
NON_URL_TRANSACTION_PLACEHOLDER,2648.83,Credit,69.0,44490.01,Rajshahi,0,legit
NON_URL_TRANSACTION_PLACEHOLDER,3736.33,Debit,42.0,3445.11,Dhaka,0,legit
http://skrill.com,9.99,Debit,19.0,150.0,Chittagong,1,adversarial
http://paypal.com,4.99,Debit,35.0,1200.0,Sylhet,1,adversarial
https://paypal.com,4.99,Debit,35.0,1200.0,Sylhet,1,adversarial
http://paypal.com,4.99,Debit,35.0,1200.0,Sylhet,1,adversarial
NON_URL_TRANSACTION_PLACEHOLDER,1060.31,Credit,72.0,20512.21,Barisal,0,legit
NON_URL_TRANSACTION_PLACEHOLDER,1467.43,Credit,40.0,13495.11,Sylhet,0,legit
NON_URL_TRANSACTION_PLACEHOLDER,720.5788695652175,Debit,38.023768115942026,7668.199707246376,Chittagong,1,phishing
http://@ppIe p@y.c0m,1.99,Debit,22.0,500.0,Chittagong,1,adversarial
NON_URL_TRANSACTION_PLACEHOLDER,659.17,Credit,26.0,20558.22,Rajshahi,0,legit
NON_URL_TRANSACTION_PLACEHOLDER,3550.64,Credit,23.0,38243.08,Rajshahi,0,legit
NON_URL_TRANSACTION_PLACEHOLDER,1732.08,Debit,64.0,49640.44,Sylhet,0,legit
http://paypal.com,4.99,Debit,35.0,1200.0,Sylhet,1,adversarial
https://bankofamerica.com,9.99,Debit,60.0,300.0,Khulna,1,adversarial
https://b@nk0f@meric@.c0m,9.99,Debit,60.0,300.0,Khulna,1,adversarial
https://bankofamerica.com,9.99,Debit,60.0,300.0,Khulna,1,adversarial
NON_URL_TRANSACTION_PLACEHOLDER,1877.95,Credit,55.0,17947.79,Khulna,0,legit
NON_URL_TRANSACTION_PLACEHOLDER,3701.96,Debit,23.0,33231.81,Sylhet,0,legit
NON_URL_TRANSACTION_PLACEHOLDER,1806.52,Debit,52.0,20558.1,Khulna,0,legit
NON_URL_TRANSACTION_PLACEHOLDER,720.5788695652175,Debit,38.023768115942026,7668.199707246376,Chittagong,1,phishing
http://paypal.com,4.99,Debit,35.0,1200.0,Sylhet,1,adversarial
NON_URL_TRANSACTION_PLACEHOLDER,3474.72,Credit,42.0,45086.48,Dhaka,0,legit
NON_URL_TRANSACTION_PLACEHOLDER,2746.57,Debit,71.0,7265.61,Barisal,0,legit
NON_URL_TRANSACTION_PLACEHOLDER,1532.75,Debit,61.0,1003.87,Khulna,0,legit
NON_URL_TRANSACTION_PLACEHOLDER,720.5788695652175,Debit,38.023768115942026,7668.199707246376,Chittagong,1,phishing
NON_URL_TRANSACTION_PLACEHOLDER,1387.97,Debit,50.0,40780.1,Sylhet,0,legit
NON_URL_TRANSACTION_PLACEHOLDER,1133.53,Credit,54.0,18759.74,Khulna,0,legit
NON_URL_TRANSACTION_PLACEHOLDER,390.4,Credit,44.0,13158.17,Rajshahi,0,legit
NON_URL_TRANSACTION_PLACEHOLDER,787.64,Credit,58.0,21829.02,Dhaka,0,legit
NON_URL_TRANSACTION_PLACEHOLDER,974.4,Debit,60.0,341.25,Dhaka,0,legit
NON_URL_TRANSACTION_PLACEHOLDER,3659.09,Debit,59.0,1352.81,Chittagong,0,legit
NON_URL_TRANSACTION_PLACEHOLDER,795.2,Credit,35.0,25632.27,Dhaka,0,legit
NON_URL_TRANSACTION_PLACEHOLDER,4272.51,Debit,43.0,30849.32,Barisal,0,legit
NON_URL_TRANSACTION_PLACEHOLDER,720.5788695652175,Debit,38.023768115942026,7668.199707246376,Chittagong,1,phishing
http://apple pay.com,0.49,Debit,22.0,500.0,Chittagong,1,adversarial
NON_URL_TRANSACTION_PLACEHOLDER,4843.52,Credit,20.0,30085.82,Khulna,0,legit
NON_URL_TRANSACTION_PLACEHOLDER,3761.08,Debit,71.0,15021.91,Dhaka,0,legit
NON_URL_TRANSACTION_PLACEHOLDER,4275.53,Debit,70.0,28059.43,Khulna,0,legit
NON_URL_TRANSACTION_PLACEHOLDER,720.5788695652175,Debit,38.023768115942026,7668.199707246376,Chittagong,1,phishing
http://@ppIe p@y.c0m,1.99,Debit,22.0,500.0,Chittagong,1,adversarial
NON_URL_TRANSACTION_PLACEHOLDER,1565.99,Debit,71.0,27871.74,Dhaka,0,legit
http://p@yp@I.c0m,4.99,Debit,35.0,1200.0,Sylhet,1,adversarial
http://paypal.com,4.99,Debit,35.0,1200.0,Sylhet,1,adversarial
NON_URL_TRANSACTION_PLACEHOLDER,4140.68,Debit,65.0,5306.16,Dhaka,0,legit
http://skrill.com,0.49,Debit,19.0,150.0,Chittagong,1,adversarial
NON_URL_TRANSACTION_PLACEHOLDER,720.5788695652175,Debit,38.023768115942026,7668.199707246376,Chittagong,1,phishing
NON_URL_TRANSACTION_PLACEHOLDER,1623.92,Credit,49.0,17636.46,Sylhet,0,legit
NON_URL_TRANSACTION_PLACEHOLDER,720.5788695652175,Debit,38.023768115942026,7668.199707246376,Chittagong,1,phishing
NON_URL_TRANSACTION_PLACEHOLDER,720.5788695652175,Debit,38.023768115942026,7668.199707246376,Chittagong,1,phishing
NON_URL_TRANSACTION_PLACEHOLDER,4438.49,Debit,40.0,255.95,Chittagong,0,legit
NON_URL_TRANSACTION_PLACEHOLDER,720.5788695652175,Debit,38.023768115942026,7668.199707246376,Chittagong,1,phishing
NON_URL_TRANSACTION_PLACEHOLDER,3221.84,Debit,41.0,19543.3,Khulna,0,legit
http://skrill.com,0.49,Debit,19.0,150.0,Chittagong,1,adversarial
http://paypal.com,4.99,Debit,35.0,1200.0,Sylhet,1,adversarial
NON_URL_TRANSACTION_PLACEHOLDER,2903.82,Credit,35.0,29551.0,Rajshahi,0,legit
NON_URL_TRANSACTION_PLACEHOLDER,4250.26,Credit,56.0,13724.35,Chittagong,0,legit
https://bankofamerica.com,9.99,Debit,60.0,300.0,Khulna,1,adversarial
NON_URL_TRANSACTION_PLACEHOLDER,720.5788695652175,Debit,38.023768115942026,7668.199707246376,Chittagong,1,phishing
NON_URL_TRANSACTION_PLACEHOLDER,4319.12,Debit,46.0,23716.21,Khulna,0,legit
NON_URL_TRANSACTION_PLACEHOLDER,1997.98,Credit,18.0,35060.42,Dhaka,0,legit
http://paypal.com,5.0,Debit,35.0,1200.0,Sylhet,1,adversarial
NON_URL_TRANSACTION_PLACEHOLDER,3726.07,Debit,58.0,189.07,Dhaka,0,legit
NON_URL_TRANSACTION_PLACEHOLDER,676.3,Credit,45.0,42260.99,Barisal,0,legit
NON_URL_TRANSACTION_PLACEHOLDER,720.5788695652175,Debit,38.023768115942026,7668.199707246376,Chittagong,1,phishing
NON_URL_TRANSACTION_PLACEHOLDER,720.5788695652175,Debit,38.023768115942026,7668.199707246376,Chittagong,1,phishing
NON_URL_TRANSACTION_PLACEHOLDER,720.5788695652175,Debit,38.023768115942026,7668.199707246376,Chittagong,1,phishing
NON_URL_TRANSACTION_PLACEHOLDER,944.05,Credit,73.0,5677.9,Khulna,0,legit
NON_URL_TRANSACTION_PLACEHOLDER,4399.17,Debit,67.0,17298.01,Khulna,0,legit
NON_URL_TRANSACTION_PLACEHOLDER,3035.54,Credit,71.0,2503.8,Sylhet,0,legit
NON_URL_TRANSACTION_PLACEHOLDER,2692.63,Credit,48.0,22667.21,Chittagong,0,legit
NON_URL_TRANSACTION_PLACEHOLDER,2641.01,Credit,52.0,15790.11,Sylhet,0,legit
NON_URL_TRANSACTION_PLACEHOLDER,4280.23,Credit,66.0,27012.75,Chittagong,0,legit
NON_URL_TRANSACTION_PLACEHOLDER,2961.76,Credit,46.0,30970.33,Chittagong,0,legit
NON_URL_TRANSACTION_PLACEHOLDER,1514.26,Debit,54.0,11753.11,Khulna,0,legit
NON_URL_TRANSACTION_PLACEHOLDER,1065.4,Debit,52.0,18340.66,Barisal,0,legit
NON_URL_TRANSACTION_PLACEHOLDER,1639.6,Debit,43.0,38400.43,Chittagong,0,legit
NON_URL_TRANSACTION_PLACEHOLDER,720.5788695652175,Debit,38.023768115942026,7668.199707246376,Chittagong,1,phishing
NON_URL_TRANSACTION_PLACEHOLDER,2954.38,Debit,48.0,3757.31,Dhaka,0,legit
NON_URL_TRANSACTION_PLACEHOLDER,720.5788695652175,Debit,38.023768115942026,7668.199707246376,Chittagong,1,phishing
NON_URL_TRANSACTION_PLACEHOLDER,4198.01,Debit,31.0,4063.11,Barisal,0,legit
NON_URL_TRANSACTION_PLACEHOLDER,1070.5,Debit,70.0,21781.15,Khulna,0,legit
NON_URL_TRANSACTION_PLACEHOLDER,4382.97,Credit,62.0,38030.97,Barisal,0,legit
NON_URL_TRANSACTION_PLACEHOLDER,444.54,Credit,52.0,39713.34,Chittagong,0,legit
http://apple pay.com,1.99,Debit,22.0,500.0,Chittagong,1,adversarial
NON_URL_TRANSACTION_PLACEHOLDER,720.5788695652175,Debit,38.023768115942026,7668.199707246376,Chittagong,1,phishing
https://apple pay.com,1.99,Debit,22.0,500.0,Chittagong,1,adversarial
NON_URL_TRANSACTION_PLACEHOLDER,1291.25,Credit,71.0,28041.68,Barisal,0,legit
NON_URL_TRANSACTION_PLACEHOLDER,720.5788695652175,Debit,38.023768115942026,7668.199707246376,Chittagong,1,phishing
https://bankofamerica.com,9.99,Debit,60.0,300.0,Khulna,1,adversarial
NON_URL_TRANSACTION_PLACEHOLDER,4525.58,Credit,40.0,27205.5,Dhaka,0,legit
https://skrill.com,0.49,Debit,19.0,150.0,Chittagong,1,adversarial
NON_URL_TRANSACTION_PLACEHOLDER,3324.74,Debit,58.0,31856.93,Dhaka,0,legit
NON_URL_TRANSACTION_PLACEHOLDER,201.88,Credit,48.0,42287.27,Rajshahi,0,legit
NON_URL_TRANSACTION_PLACEHOLDER,1122.85,Debit,51.0,48433.91,Sylhet,0,legit
NON_URL_TRANSACTION_PLACEHOLDER,3152.9,Debit,73.0,12588.93,Sylhet,0,legit
NON_URL_TRANSACTION_PLACEHOLDER,720.5788695652175,Debit,38.023768115942026,7668.199707246376,Chittagong,1,phishing
NON_URL_TRANSACTION_PLACEHOLDER,263.02,Credit,49.0,45082.38,Dhaka,0,legit
NON_URL_TRANSACTION_PLACEHOLDER,480.84,Debit,69.0,27855.63,Barisal,0,legit
NON_URL_TRANSACTION_PLACEHOLDER,720.5788695652175,Debit,38.023768115942026,7668.199707246376,Chittagong,1,phishing
NON_URL_TRANSACTION_PLACEHOLDER,705.39,Debit,55.0,4101.55,Khulna,0,legit
https://bankofamerica.com,9.99,Debit,60.0,300.0,Khulna,1,adversarial
NON_URL_TRANSACTION_PLACEHOLDER,1079.34,Credit,32.0,33558.58,Barisal,0,legit
NON_URL_TRANSACTION_PLACEHOLDER,276.31,Debit,22.0,8914.68,Sylhet,0,legit
NON_URL_TRANSACTION_PLACEHOLDER,720.5788695652175,Debit,38.023768115942026,7668.199707246376,Chittagong,1,phishing
http://paypal.com,4.99,Debit,35.0,1200.0,Sylhet,1,adversarial
NON_URL_TRANSACTION_PLACEHOLDER,720.5788695652175,Debit,38.023768115942026,7668.199707246376,Chittagong,1,phishing
NON_URL_TRANSACTION_PLACEHOLDER,2625.21,Debit,27.0,16130.8,Barisal,0,legit
NON_URL_TRANSACTION_PLACEHOLDER,1797.19,Credit,34.0,49311.66,Barisal,0,legit
NON_URL_TRANSACTION_PLACEHOLDER,720.5788695652175,Debit,38.023768115942026,7668.199707246376,Chittagong,1,phishing
NON_URL_TRANSACTION_PLACEHOLDER,3753.36,Debit,32.0,48225.6,Khulna,0,legit
NON_URL_TRANSACTION_PLACEHOLDER,720.5788695652175,Debit,38.023768115942026,7668.199707246376,Chittagong,1,phishing
NON_URL_TRANSACTION_PLACEHOLDER,3475.26,Credit,58.0,19192.51,Rajshahi,0,legit
https://paypal.com,4.99,Debit,35.0,1200.0,Sylhet,1,adversarial
http://skriII.c0m,0.49,Debit,19.0,150.0,Chittagong,1,adversarial
NON_URL_TRANSACTION_PLACEHOLDER,3278.21,Credit,27.0,28518.48,Sylhet,0,legit
NON_URL_TRANSACTION_PLACEHOLDER,3592.47,Debit,41.0,11029.21,Khulna,0,legit
NON_URL_TRANSACTION_PLACEHOLDER,3503.48,Credit,71.0,42916.68,Barisal,0,legit
NON_URL_TRANSACTION_PLACEHOLDER,1884.92,Debit,28.0,42008.13,Dhaka,0,legit
http://skriII.c0m,0.49,Debit,19.0,150.0,Chittagong,1,adversarial
http://apple pay.com,1.99,Debit,22.0,500.0,Chittagong,1,adversarial
NON_URL_TRANSACTION_PLACEHOLDER,720.5788695652175,Debit,38.023768115942026,7668.199707246376,Chittagong,1,phishing
http://p@yp@I.c0m,4.99,Debit,35.0,1200.0,Sylhet,1,adversarial
NON_URL_TRANSACTION_PLACEHOLDER,4270.76,Credit,28.0,49672.63,Chittagong,0,legit
http://skrill.com,0.49,Debit,19.0,150.0,Chittagong,1,adversarial
NON_URL_TRANSACTION_PLACEHOLDER,720.5788695652175,Debit,38.023768115942026,7668.199707246376,Chittagong,1,phishing
NON_URL_TRANSACTION_PLACEHOLDER,1000.59,Debit,45.0,30033.7,Khulna,0,legit
NON_URL_TRANSACTION_PLACEHOLDER,1669.23,Debit,44.0,42608.68,Barisal,0,legit
http://skrill.com,0.49,Debit,19.0,150.0,Chittagong,1,adversarial
NON_URL_TRANSACTION_PLACEHOLDER,720.5788695652175,Debit,38.023768115942026,7668.199707246376,Chittagong,1,phishing
NON_URL_TRANSACTION_PLACEHOLDER,284.18,Debit,31.0,7268.5,Chittagong,0,legit
http://apple pay.com,1.99,Debit,22.0,500.0,Chittagong,1,adversarial
https://bankofamerica.com,9.99,Debit,60.0,300.0,Khulna,1,adversarial
NON_URL_TRANSACTION_PLACEHOLDER,720.5788695652175,Debit,38.023768115942026,7668.199707246376,Chittagong,1,phishing
NON_URL_TRANSACTION_PLACEHOLDER,2021.94,Debit,25.0,37843.56,Sylhet,0,legit
https://bankofamerica.com,9.99,Debit,60.0,300.0,Khulna,1,adversarial
NON_URL_TRANSACTION_PLACEHOLDER,1001.26,Credit,37.0,14033.63,Barisal,0,legit
NON_URL_TRANSACTION_PLACEHOLDER,720.5788695652175,Debit,38.023768115942026,7668.199707246376,Chittagong,1,phishing
NON_URL_TRANSACTION_PLACEHOLDER,720.5788695652175,Debit,38.023768115942026,7668.199707246376,Chittagong,1,phishing
http://skrill.com,0.49,Debit,19.0,150.0,Chittagong,1,adversarial
http://apple pay.com,1.99,Debit,22.0,500.0,Chittagong,1,adversarial
NON_URL_TRANSACTION_PLACEHOLDER,338.38,Debit,41.0,33941.34,Barisal,0,legit
https://b@nk0f@meric@.c0m,9.99,Debit,60.0,300.0,Khulna,1,adversarial
NON_URL_TRANSACTION_PLACEHOLDER,932.86,Debit,19.0,12784.44,Chittagong,0,legit
NON_URL_TRANSACTION_PLACEHOLDER,2029.89,Debit,52.0,23190.68,Dhaka,0,legit
https://bankofamerica.com,9.99,Debit,60.0,300.0,Khulna,1,adversarial
NON_URL_TRANSACTION_PLACEHOLDER,3094.34,Credit,72.0,6594.03,Khulna,0,legit
NON_URL_TRANSACTION_PLACEHOLDER,268.36,Debit,49.0,20479.23,Dhaka,0,legit
https://b@nk0f@meric@.c0m,9.99,Debit,60.0,300.0,Khulna,1,adversarial
NON_URL_TRANSACTION_PLACEHOLDER,3928.52,Credit,47.0,24671.28,Sylhet,0,legit
https://bankofamerica.com,9.99,Debit,60.0,300.0,Khulna,1,adversarial
https://b@nk0f@meric@.c0m,9.99,Debit,60.0,300.0,Khulna,1,adversarial
NON_URL_TRANSACTION_PLACEHOLDER,2365.28,Credit,56.0,23025.98,Khulna,0,legit
NON_URL_TRANSACTION_PLACEHOLDER,213.69,Debit,27.0,17395.29,Khulna,0,legit
NON_URL_TRANSACTION_PLACEHOLDER,256.19,Credit,46.0,10505.21,Sylhet,0,legit
https://bankofamerica.com,9.99,Debit,60.0,300.0,Khulna,1,adversarial
https://bankofamerica.com,9.99,Debit,60.0,300.0,Khulna,1,adversarial
NON_URL_TRANSACTION_PLACEHOLDER,3899.92,Debit,43.0,25139.74,Barisal,0,legit
http://paypal.com,4.99,Debit,35.0,1200.0,Sylhet,1,adversarial
http://apple pay.com,1.99,Debit,22.0,500.0,Chittagong,1,adversarial
NON_URL_TRANSACTION_PLACEHOLDER,4599.63,Debit,45.0,21736.73,Barisal,0,legit
NON_URL_TRANSACTION_PLACEHOLDER,720.5788695652175,Debit,38.023768115942026,7668.199707246376,Chittagong,1,phishing
NON_URL_TRANSACTION_PLACEHOLDER,1143.45,Debit,55.0,20820.95,Dhaka,0,legit
http://paypal.com,4.99,Debit,35.0,1200.0,Sylhet,1,adversarial
http://paypal.com,4.99,Debit,35.0,1200.0,Sylhet,1,adversarial
NON_URL_TRANSACTION_PLACEHOLDER,720.5788695652175,Debit,38.023768115942026,7668.199707246376,Chittagong,1,phishing
http://apple pay.com,0.49,Debit,22.0,500.0,Chittagong,1,adversarial
NON_URL_TRANSACTION_PLACEHOLDER,720.5788695652175,Debit,38.023768115942026,7668.199707246376,Chittagong,1,phishing
http://paypal.com,9.99,Debit,35.0,1200.0,Sylhet,1,adversarial
https://skrill.com,0.49,Debit,19.0,150.0,Chittagong,1,adversarial
NON_URL_TRANSACTION_PLACEHOLDER,720.5788695652175,Debit,38.023768115942026,7668.199707246376,Chittagong,1,phishing
NON_URL_TRANSACTION_PLACEHOLDER,2669.25,Debit,70.0,37784.9,Khulna,0,legit
http://paypal.com,4.99,Debit,35.0,1200.0,Sylhet,1,adversarial
NON_URL_TRANSACTION_PLACEHOLDER,439.73,Debit,71.0,13545.99,Chittagong,0,legit
NON_URL_TRANSACTION_PLACEHOLDER,108.15,Credit,69.0,3581.65,Chittagong,0,legit
http://apple pay.com,9.99,Debit,22.0,500.0,Chittagong,1,adversarial
NON_URL_TRANSACTION_PLACEHOLDER,1694.6,Credit,69.0,33944.62,Sylhet,0,legit
https://apple pay.com,1.99,Debit,22.0,500.0,Chittagong,1,adversarial
NON_URL_TRANSACTION_PLACEHOLDER,452.39,Debit,27.0,48540.49,Chittagong,0,legit
NON_URL_TRANSACTION_PLACEHOLDER,183.61,Credit,58.0,20624.47,Khulna,0,legit
NON_URL_TRANSACTION_PLACEHOLDER,298.46,Credit,59.0,20892.37,Khulna,0,legit
http://paypal.com,4.99,Debit,35.0,1200.0,Sylhet,1,adversarial
NON_URL_TRANSACTION_PLACEHOLDER,720.5788695652175,Debit,38.023768115942026,7668.199707246376,Chittagong,1,phishing
NON_URL_TRANSACTION_PLACEHOLDER,4835.96,Credit,20.0,16750.78,Rajshahi,0,legit
http://apple pay.com,1.99,Debit,22.0,500.0,Chittagong,1,adversarial
http://apple pay.com,1.99,Debit,22.0,500.0,Chittagong,1,adversarial
http://paypal.com,4.99,Debit,35.0,1200.0,Sylhet,1,adversarial
NON_URL_TRANSACTION_PLACEHOLDER,4926.22,Credit,19.0,32374.5,Sylhet,0,legit
NON_URL_TRANSACTION_PLACEHOLDER,720.5788695652175,Debit,38.023768115942026,7668.199707246376,Chittagong,1,phishing
http://skrill.com,0.49,Debit,19.0,150.0,Chittagong,1,adversarial
NON_URL_TRANSACTION_PLACEHOLDER,390.59,Debit,37.0,45318.89,Khulna,0,legit
NON_URL_TRANSACTION_PLACEHOLDER,720.5788695652175,Debit,38.023768115942026,7668.199707246376,Chittagong,1,phishing
https://bankofamerica.com,9.99,Debit,60.0,300.0,Khulna,1,adversarial
NON_URL_TRANSACTION_PLACEHOLDER,1651.92,Debit,70.0,26159.59,Khulna,0,legit
NON_URL_TRANSACTION_PLACEHOLDER,1735.99,Debit,52.0,39287.3,Dhaka,0,legit
NON_URL_TRANSACTION_PLACEHOLDER,2084.71,Credit,46.0,34328.53,Barisal,0,legit
http://paypal.com,4.99,Debit,35.0,1200.0,Sylhet,1,adversarial
NON_URL_TRANSACTION_PLACEHOLDER,3683.84,Credit,46.0,2036.8,Khulna,0,legit
http://paypal.com,4.99,Debit,35.0,1200.0,Sylhet,1,adversarial
NON_URL_TRANSACTION_PLACEHOLDER,720.5788695652175,Debit,38.023768115942026,7668.199707246376,Chittagong,1,phishing
NON_URL_TRANSACTION_PLACEHOLDER,720.5788695652175,Debit,38.023768115942026,7668.199707246376,Chittagong,1,phishing
NON_URL_TRANSACTION_PLACEHOLDER,1257.9,Credit,60.0,14060.8,Barisal,0,legit
http://paypal.com,4.99,Debit,35.0,1200.0,Sylhet,1,adversarial
http://paypal.com,0.49,Debit,35.0,1200.0,Sylhet,1,adversarial
https://skrill.com,0.49,Debit,19.0,150.0,Chittagong,1,adversarial
NON_URL_TRANSACTION_PLACEHOLDER,3950.81,Debit,21.0,38735.17,Barisal,0,legit
NON_URL_TRANSACTION_PLACEHOLDER,4275.38,Debit,51.0,2988.94,Rajshahi,0,legit
https://skrill.com,0.49,Debit,19.0,150.0,Chittagong,1,adversarial
NON_URL_TRANSACTION_PLACEHOLDER,4211.36,Debit,27.0,3171.19,Chittagong,0,legit
http://skrill.com,0.49,Debit,19.0,150.0,Chittagong,1,adversarial
NON_URL_TRANSACTION_PLACEHOLDER,4052.73,Debit,61.0,9254.36,Sylhet,0,legit
http://apple pay.com,1.99,Debit,22.0,500.0,Chittagong,1,adversarial
NON_URL_TRANSACTION_PLACEHOLDER,720.5788695652175,Debit,38.023768115942026,7668.199707246376,Chittagong,1,phishing
NON_URL_TRANSACTION_PLACEHOLDER,4847.83,Debit,71.0,46225.65,Sylhet,0,legit
NON_URL_TRANSACTION_PLACEHOLDER,2525.63,Debit,65.0,6090.21,Barisal,0,legit
https://bankofamerica.com,9.99,Debit,60.0,300.0,Khulna,1,adversarial
NON_URL_TRANSACTION_PLACEHOLDER,4769.88,Debit,56.0,35698.1,Dhaka,0,legit
http://p@yp@I.c0m,4.99,Debit,35.0,1200.0,Sylhet,1,adversarial
NON_URL_TRANSACTION_PLACEHOLDER,720.5788695652175,Debit,38.023768115942026,7668.199707246376,Chittagong,1,phishing
https://bankofamerica.com,9.99,Debit,60.0,300.0,Khulna,1,adversarial
NON_URL_TRANSACTION_PLACEHOLDER,1303.51,Credit,58.0,47615.59,Khulna,0,legit
NON_URL_TRANSACTION_PLACEHOLDER,4992.03,Credit,49.0,29949.03,Chittagong,0,legit
NON_URL_TRANSACTION_PLACEHOLDER,3928.59,Debit,57.0,9981.32,Barisal,0,legit
http://paypal.com,4.99,Debit,35.0,1200.0,Sylhet,1,adversarial
http://skrill.com,0.49,Debit,19.0,150.0,Chittagong,1,adversarial
NON_URL_TRANSACTION_PLACEHOLDER,3921.21,Debit,66.0,18463.51,Khulna,0,legit
http://@ppIe p@y.c0m,1.99,Debit,22.0,500.0,Chittagong,1,adversarial
NON_URL_TRANSACTION_PLACEHOLDER,3333.13,Credit,27.0,32803.95,Sylhet,0,legit
NON_URL_TRANSACTION_PLACEHOLDER,1453.43,Debit,20.0,4132.5,Barisal,0,legit
http://apple pay.com,1.99,Debit,22.0,500.0,Chittagong,1,adversarial
https://bankofamerica.com,9.99,Debit,60.0,300.0,Khulna,1,adversarial
NON_URL_TRANSACTION_PLACEHOLDER,4581.28,Credit,59.0,10317.92,Dhaka,0,legit
NON_URL_TRANSACTION_PLACEHOLDER,720.5788695652175,Debit,38.023768115942026,7668.199707246376,Chittagong,1,phishing
http://apple pay.com,1.99,Debit,22.0,500.0,Chittagong,1,adversarial
NON_URL_TRANSACTION_PLACEHOLDER,1756.74,Credit,27.0,39715.89,Dhaka,0,legit
NON_URL_TRANSACTION_PLACEHOLDER,2807.81,Debit,46.0,41933.75,Rajshahi,0,legit
NON_URL_TRANSACTION_PLACEHOLDER,720.5788695652175,Debit,38.023768115942026,7668.199707246376,Chittagong,1,phishing
NON_URL_TRANSACTION_PLACEHOLDER,3852.49,Debit,70.0,22290.96,Khulna,0,legit
NON_URL_TRANSACTION_PLACEHOLDER,720.5788695652175,Debit,38.023768115942026,7668.199707246376,Chittagong,1,phishing
NON_URL_TRANSACTION_PLACEHOLDER,29.68,Debit,29.0,49433.77,Chittagong,0,legit
NON_URL_TRANSACTION_PLACEHOLDER,720.5788695652175,Debit,38.023768115942026,7668.199707246376,Chittagong,1,phishing
NON_URL_TRANSACTION_PLACEHOLDER,4626.78,Credit,41.0,30499.25,Sylhet,0,legit
https://bankofamerica.com,5.0,Debit,60.0,300.0,Khulna,1,adversarial
http://skrill.com,5.0,Debit,19.0,150.0,Chittagong,1,adversarial
NON_URL_TRANSACTION_PLACEHOLDER,1825.68,Credit,50.0,24328.67,Rajshahi,0,legit
NON_URL_TRANSACTION_PLACEHOLDER,4888.09,Debit,33.0,20088.61,Khulna,0,legit
NON_URL_TRANSACTION_PLACEHOLDER,4389.59,Debit,47.0,37053.17,Sylhet,0,legit
http://skrill.com,0.49,Debit,19.0,150.0,Chittagong,1,adversarial
NON_URL_TRANSACTION_PLACEHOLDER,310.57,Debit,32.0,2085.38,Dhaka,0,legit
NON_URL_TRANSACTION_PLACEHOLDER,2288.39,Credit,52.0,14922.79,Barisal,0,legit
NON_URL_TRANSACTION_PLACEHOLDER,720.5788695652175,Debit,38.023768115942026,7668.199707246376,Chittagong,1,phishing
NON_URL_TRANSACTION_PLACEHOLDER,4280.38,Debit,21.0,4835.44,Sylhet,0,legit
NON_URL_TRANSACTION_PLACEHOLDER,4936.0,Debit,73.0,33085.1,Khulna,0,legit
NON_URL_TRANSACTION_PLACEHOLDER,4619.57,Debit,71.0,20941.94,Khulna,0,legit
https://bankofamerica.com,9.99,Debit,60.0,300.0,Khulna,1,adversarial
NON_URL_TRANSACTION_PLACEHOLDER,777.06,Credit,54.0,48418.59,Chittagong,0,legit
NON_URL_TRANSACTION_PLACEHOLDER,4517.41,Credit,54.0,38079.76,Sylhet,0,legit
http://apple pay.com,1.99,Debit,22.0,500.0,Chittagong,1,adversarial
NON_URL_TRANSACTION_PLACEHOLDER,1154.39,Credit,56.0,17856.62,Barisal,0,legit
NON_URL_TRANSACTION_PLACEHOLDER,720.5788695652175,Debit,38.023768115942026,7668.199707246376,Chittagong,1,phishing
NON_URL_TRANSACTION_PLACEHOLDER,2969.57,Credit,57.0,40943.88,Sylhet,0,legit
NON_URL_TRANSACTION_PLACEHOLDER,2968.58,Debit,35.0,5273.18,Rajshahi,0,legit
http://paypal.com,4.99,Debit,35.0,1200.0,Sylhet,1,adversarial
NON_URL_TRANSACTION_PLACEHOLDER,720.5788695652175,Debit,38.023768115942026,7668.199707246376,Chittagong,1,phishing
http://skriII.c0m,0.49,Debit,19.0,150.0,Chittagong,1,adversarial
http://apple pay.com,1.99,Debit,22.0,500.0,Chittagong,1,adversarial
http://p@yp@I.c0m,4.99,Debit,35.0,1200.0,Sylhet,1,adversarial
https://bankofamerica.com,9.99,Debit,60.0,300.0,Khulna,1,adversarial
NON_URL_TRANSACTION_PLACEHOLDER,720.5788695652175,Debit,38.023768115942026,7668.199707246376,Chittagong,1,phishing
http://paypal.com,4.99,Debit,35.0,1200.0,Sylhet,1,adversarial
NON_URL_TRANSACTION_PLACEHOLDER,2393.89,Credit,62.0,27996.7,Khulna,0,legit
NON_URL_TRANSACTION_PLACEHOLDER,720.5788695652175,Debit,38.023768115942026,7668.199707246376,Chittagong,1,phishing
NON_URL_TRANSACTION_PLACEHOLDER,3274.19,Debit,32.0,34368.4,Dhaka,0,legit
NON_URL_TRANSACTION_PLACEHOLDER,720.5788695652175,Debit,38.023768115942026,7668.199707246376,Chittagong,1,phishing
NON_URL_TRANSACTION_PLACEHOLDER,3053.77,Debit,22.0,20616.95,Khulna,0,legit
NON_URL_TRANSACTION_PLACEHOLDER,3185.85,Debit,42.0,23349.5,Khulna,0,legit
NON_URL_TRANSACTION_PLACEHOLDER,4322.7,Credit,49.0,38596.7,Chittagong,0,legit
NON_URL_TRANSACTION_PLACEHOLDER,4245.64,Debit,18.0,12382.61,Khulna,0,legit
NON_URL_TRANSACTION_PLACEHOLDER,1282.81,Debit,56.0,15840.97,Barisal,0,legit
http://skrill.com,9.99,Debit,19.0,150.0,Chittagong,1,adversarial
NON_URL_TRANSACTION_PLACEHOLDER,296.31,Debit,47.0,48901.25,Rajshahi,0,legit
NON_URL_TRANSACTION_PLACEHOLDER,720.5788695652175,Debit,38.023768115942026,7668.199707246376,Chittagong,1,phishing
http://skrill.com,0.49,Debit,19.0,150.0,Chittagong,1,adversarial
http://paypal.com,1.99,Debit,35.0,1200.0,Sylhet,1,adversarial
http://paypal.com,4.99,Debit,35.0,1200.0,Sylhet,1,adversarial
https://bankofamerica.com,9.99,Debit,60.0,300.0,Khulna,1,adversarial
http://paypal.com,4.99,Debit,35.0,1200.0,Sylhet,1,adversarial
http://paypal.com,5.0,Debit,35.0,1200.0,Sylhet,1,adversarial
https://paypal.com,4.99,Debit,35.0,1200.0,Sylhet,1,adversarial
NON_URL_TRANSACTION_PLACEHOLDER,2324.9,Debit,40.0,21255.09,Khulna,0,legit
http://skrill.com,0.49,Debit,19.0,150.0,Chittagong,1,adversarial
http://skrill.com,9.99,Debit,19.0,150.0,Chittagong,1,adversarial
http://paypal.com,4.99,Debit,35.0,1200.0,Sylhet,1,adversarial
http://apple pay.com,1.99,Debit,22.0,500.0,Chittagong,1,adversarial
NON_URL_TRANSACTION_PLACEHOLDER,720.5788695652175,Debit,38.023768115942026,7668.199707246376,Chittagong,1,phishing
NON_URL_TRANSACTION_PLACEHOLDER,720.5788695652175,Debit,38.023768115942026,7668.199707246376,Chittagong,1,phishing
https://bankofamerica.com,1.99,Debit,60.0,300.0,Khulna,1,adversarial
https://bankofamerica.com,9.99,Debit,60.0,300.0,Khulna,1,adversarial
NON_URL_TRANSACTION_PLACEHOLDER,4235.58,Debit,38.0,30082.8,Sylhet,0,legit
NON_URL_TRANSACTION_PLACEHOLDER,720.5788695652175,Debit,38.023768115942026,7668.199707246376,Chittagong,1,phishing
NON_URL_TRANSACTION_PLACEHOLDER,720.5788695652175,Debit,38.023768115942026,7668.199707246376,Chittagong,1,phishing
http://apple pay.com,0.49,Debit,22.0,500.0,Chittagong,1,adversarial
http://paypal.com,4.99,Debit,35.0,1200.0,Sylhet,1,adversarial
NON_URL_TRANSACTION_PLACEHOLDER,2836.58,Debit,48.0,38285.26,Dhaka,0,legit
NON_URL_TRANSACTION_PLACEHOLDER,453.7,Credit,68.0,18214.72,Rajshahi,0,legit
http://paypal.com,0.49,Debit,35.0,1200.0,Sylhet,1,adversarial
NON_URL_TRANSACTION_PLACEHOLDER,720.5788695652175,Debit,38.023768115942026,7668.199707246376,Chittagong,1,phishing
NON_URL_TRANSACTION_PLACEHOLDER,1043.81,Credit,66.0,11358.31,Dhaka,0,legit
http://paypal.com,5.0,Debit,35.0,1200.0,Sylhet,1,adversarial
http://@ppIe p@y.c0m,1.99,Debit,22.0,500.0,Chittagong,1,adversarial
NON_URL_TRANSACTION_PLACEHOLDER,897.83,Credit,20.0,6625.12,Dhaka,0,legit
NON_URL_TRANSACTION_PLACEHOLDER,1965.26,Credit,21.0,39302.13,Khulna,0,legit
NON_URL_TRANSACTION_PLACEHOLDER,3699.59,Credit,50.0,2665.31,Dhaka,0,legit
https://paypal.com,4.99,Debit,35.0,1200.0,Sylhet,1,adversarial
NON_URL_TRANSACTION_PLACEHOLDER,720.5788695652175,Debit,38.023768115942026,7668.199707246376,Chittagong,1,phishing
https://b@nk0f@meric@.c0m,9.99,Debit,60.0,300.0,Khulna,1,adversarial
https://bankofamerica.com,5.0,Debit,60.0,300.0,Khulna,1,adversarial
NON_URL_TRANSACTION_PLACEHOLDER,720.5788695652175,Debit,38.023768115942026,7668.199707246376,Chittagong,1,phishing
NON_URL_TRANSACTION_PLACEHOLDER,720.5788695652175,Debit,38.023768115942026,7668.199707246376,Chittagong,1,phishing
http://skrill.com,0.49,Debit,19.0,150.0,Chittagong,1,adversarial
http://paypal.com,9.99,Debit,35.0,1200.0,Sylhet,1,adversarial
https://apple pay.com,1.99,Debit,22.0,500.0,Chittagong,1,adversarial
NON_URL_TRANSACTION_PLACEHOLDER,720.5788695652175,Debit,38.023768115942026,7668.199707246376,Chittagong,1,phishing
NON_URL_TRANSACTION_PLACEHOLDER,720.5788695652175,Debit,38.023768115942026,7668.199707246376,Chittagong,1,phishing
https://apple pay.com,1.99,Debit,22.0,500.0,Chittagong,1,adversarial
http://p@yp@I.c0m,4.99,Debit,35.0,1200.0,Sylhet,1,adversarial
NON_URL_TRANSACTION_PLACEHOLDER,720.5788695652175,Debit,38.023768115942026,7668.199707246376,Chittagong,1,phishing
NON_URL_TRANSACTION_PLACEHOLDER,720.5788695652175,Debit,38.023768115942026,7668.199707246376,Chittagong,1,phishing
NON_URL_TRANSACTION_PLACEHOLDER,265.35,Debit,38.0,1855.28,Barisal,0,legit
NON_URL_TRANSACTION_PLACEHOLDER,1056.28,Debit,66.0,27553.87,Dhaka,0,legit
http://skrill.com,0.49,Debit,19.0,150.0,Chittagong,1,adversarial
http://paypal.com,5.0,Debit,35.0,1200.0,Sylhet,1,adversarial
NON_URL_TRANSACTION_PLACEHOLDER,41.35,Credit,75.0,49365.46,Rajshahi,0,legit
NON_URL_TRANSACTION_PLACEHOLDER,3702.58,Debit,52.0,15776.46,Chittagong,0,legit
NON_URL_TRANSACTION_PLACEHOLDER,2677.36,Credit,54.0,45047.53,Khulna,0,legit
http://@ppIe p@y.c0m,1.99,Debit,22.0,500.0,Chittagong,1,adversarial
http://paypal.com,4.99,Debit,35.0,1200.0,Sylhet,1,adversarial
https://skrill.com,0.49,Debit,19.0,150.0,Chittagong,1,adversarial
NON_URL_TRANSACTION_PLACEHOLDER,720.5788695652175,Debit,38.023768115942026,7668.199707246376,Chittagong,1,phishing
NON_URL_TRANSACTION_PLACEHOLDER,840.03,Credit,56.0,34265.75,Chittagong,0,legit
https://bankofamerica.com,9.99,Debit,60.0,300.0,Khulna,1,adversarial
NON_URL_TRANSACTION_PLACEHOLDER,456.89,Debit,59.0,9454.12,Chittagong,0,legit
http://paypal.com,4.99,Debit,35.0,1200.0,Sylhet,1,adversarial
https://bankofamerica.com,1.99,Debit,60.0,300.0,Khulna,1,adversarial
NON_URL_TRANSACTION_PLACEHOLDER,4594.51,Debit,21.0,45129.76,Barisal,0,legit
https://b@nk0f@meric@.c0m,9.99,Debit,60.0,300.0,Khulna,1,adversarial
NON_URL_TRANSACTION_PLACEHOLDER,720.5788695652175,Debit,38.023768115942026,7668.199707246376,Chittagong,1,phishing
NON_URL_TRANSACTION_PLACEHOLDER,605.2,Credit,24.0,479.47,Khulna,0,legit
http://paypal.com,4.99,Debit,35.0,1200.0,Sylhet,1,adversarial
NON_URL_TRANSACTION_PLACEHOLDER,3092.32,Credit,18.0,49900.23,Dhaka,0,legit
http://skrill.com,0.49,Debit,19.0,150.0,Chittagong,1,adversarial
NON_URL_TRANSACTION_PLACEHOLDER,4015.14,Credit,27.0,6050.43,Dhaka,0,legit
NON_URL_TRANSACTION_PLACEHOLDER,720.5788695652175,Debit,38.023768115942026,7668.199707246376,Chittagong,1,phishing
NON_URL_TRANSACTION_PLACEHOLDER,1549.61,Credit,21.0,9289.42,Sylhet,0,legit
NON_URL_TRANSACTION_PLACEHOLDER,4825.31,Debit,36.0,1770.57,Rajshahi,0,legit
https://bankofamerica.com,1.99,Debit,60.0,300.0,Khulna,1,adversarial
http://apple pay.com,5.0,Debit,22.0,500.0,Chittagong,1,adversarial
http://@ppIe p@y.c0m,1.99,Debit,22.0,500.0,Chittagong,1,adversarial
NON_URL_TRANSACTION_PLACEHOLDER,3357.5,Debit,64.0,2697.67,Dhaka,0,legit
http://paypal.com,4.99,Debit,35.0,1200.0,Sylhet,1,adversarial
http://apple pay.com,0.49,Debit,22.0,500.0,Chittagong,1,adversarial
NON_URL_TRANSACTION_PLACEHOLDER,829.27,Debit,45.0,6460.56,Chittagong,0,legit
NON_URL_TRANSACTION_PLACEHOLDER,2336.9,Credit,30.0,20427.44,Sylhet,0,legit
NON_URL_TRANSACTION_PLACEHOLDER,3426.06,Debit,56.0,39199.72,Khulna,0,legit
NON_URL_TRANSACTION_PLACEHOLDER,2837.99,Debit,20.0,1822.47,Sylhet,0,legit
NON_URL_TRANSACTION_PLACEHOLDER,3423.35,Debit,75.0,24625.64,Barisal,0,legit
NON_URL_TRANSACTION_PLACEHOLDER,753.05,Credit,35.0,32817.86,Barisal,0,legit
http://skrill.com,0.49,Debit,19.0,150.0,Chittagong,1,adversarial
http://paypal.com,4.99,Debit,35.0,1200.0,Sylhet,1,adversarial
https://skrill.com,0.49,Debit,19.0,150.0,Chittagong,1,adversarial
http://apple pay.com,1.99,Debit,22.0,500.0,Chittagong,1,adversarial
NON_URL_TRANSACTION_PLACEHOLDER,1758.36,Credit,48.0,15587.42,Chittagong,0,legit
http://paypal.com,4.99,Debit,35.0,1200.0,Sylhet,1,adversarial
NON_URL_TRANSACTION_PLACEHOLDER,1298.1,Credit,75.0,17759.97,Chittagong,0,legit
https://b@nk0f@meric@.c0m,9.99,Debit,60.0,300.0,Khulna,1,adversarial
NON_URL_TRANSACTION_PLACEHOLDER,2538.46,Debit,68.0,4495.65,Rajshahi,0,legit
http://skriII.c0m,0.49,Debit,19.0,150.0,Chittagong,1,adversarial
NON_URL_TRANSACTION_PLACEHOLDER,1896.8,Debit,60.0,38473.47,Sylhet,0,legit
NON_URL_TRANSACTION_PLACEHOLDER,112.95,Credit,58.0,36913.38,Rajshahi,0,legit
NON_URL_TRANSACTION_PLACEHOLDER,3618.65,Credit,57.0,381.06,Khulna,0,legit
NON_URL_TRANSACTION_PLACEHOLDER,3400.65,Credit,49.0,33270.23,Barisal,0,legit
http://@ppIe p@y.c0m,1.99,Debit,22.0,500.0,Chittagong,1,adversarial
NON_URL_TRANSACTION_PLACEHOLDER,720.5788695652175,Debit,38.023768115942026,7668.199707246376,Chittagong,1,phishing
NON_URL_TRANSACTION_PLACEHOLDER,2901.74,Credit,39.0,28964.81,Sylhet,0,legit
NON_URL_TRANSACTION_PLACEHOLDER,452.3,Debit,30.0,44433.04,Chittagong,0,legit
https://skrill.com,0.49,Debit,19.0,150.0,Chittagong,1,adversarial
NON_URL_TRANSACTION_PLACEHOLDER,720.5788695652175,Debit,38.023768115942026,7668.199707246376,Chittagong,1,phishing
NON_URL_TRANSACTION_PLACEHOLDER,1269.21,Debit,69.0,38535.51,Dhaka,0,legit
NON_URL_TRANSACTION_PLACEHOLDER,482.15,Credit,27.0,26506.1,Sylhet,0,legit
NON_URL_TRANSACTION_PLACEHOLDER,1423.07,Debit,57.0,28428.15,Barisal,0,legit
NON_URL_TRANSACTION_PLACEHOLDER,4667.66,Credit,22.0,4392.41,Rajshahi,0,legit
https://bankofamerica.com,1.99,Debit,60.0,300.0,Khulna,1,adversarial
NON_URL_TRANSACTION_PLACEHOLDER,1361.97,Credit,23.0,23590.22,Rajshahi,0,legit
http://apple pay.com,1.99,Debit,22.0,500.0,Chittagong,1,adversarial
NON_URL_TRANSACTION_PLACEHOLDER,4190.22,Debit,74.0,4161.15,Sylhet,0,legit
http://skrill.com,0.49,Debit,19.0,150.0,Chittagong,1,adversarial
http://skrill.com,0.49,Debit,19.0,150.0,Chittagong,1,adversarial
NON_URL_TRANSACTION_PLACEHOLDER,3458.81,Debit,27.0,28605.6,Rajshahi,0,legit
NON_URL_TRANSACTION_PLACEHOLDER,4126.33,Credit,43.0,3068.75,Chittagong,0,legit
NON_URL_TRANSACTION_PLACEHOLDER,3175.98,Credit,75.0,7430.48,Dhaka,0,legit
http://skriII.c0m,0.49,Debit,19.0,150.0,Chittagong,1,adversarial
NON_URL_TRANSACTION_PLACEHOLDER,2175.09,Credit,49.0,20172.51,Dhaka,0,legit
NON_URL_TRANSACTION_PLACEHOLDER,4607.1,Credit,64.0,46787.39,Rajshahi,0,legit
http://paypal.com,4.99,Debit,35.0,1200.0,Sylhet,1,adversarial
NON_URL_TRANSACTION_PLACEHOLDER,720.5788695652175,Debit,38.023768115942026,7668.199707246376,Chittagong,1,phishing
http://@ppIe p@y.c0m,1.99,Debit,22.0,500.0,Chittagong,1,adversarial
NON_URL_TRANSACTION_PLACEHOLDER,720.5788695652175,Debit,38.023768115942026,7668.199707246376,Chittagong,1,phishing
NON_URL_TRANSACTION_PLACEHOLDER,433.47,Debit,45.0,7776.54,Khulna,0,legit
https://b@nk0f@meric@.c0m,9.99,Debit,60.0,300.0,Khulna,1,adversarial
http://paypal.com,0.49,Debit,35.0,1200.0,Sylhet,1,adversarial
NON_URL_TRANSACTION_PLACEHOLDER,2424.5,Credit,64.0,11430.52,Sylhet,0,legit
NON_URL_TRANSACTION_PLACEHOLDER,720.5788695652175,Debit,38.023768115942026,7668.199707246376,Chittagong,1,phishing
NON_URL_TRANSACTION_PLACEHOLDER,4935.24,Debit,55.0,42773.29,Rajshahi,0,legit
http://skriII.c0m,0.49,Debit,19.0,150.0,Chittagong,1,adversarial
NON_URL_TRANSACTION_PLACEHOLDER,3876.43,Credit,62.0,3481.22,Khulna,0,legit
http://skrill.com,0.49,Debit,19.0,150.0,Chittagong,1,adversarial
NON_URL_TRANSACTION_PLACEHOLDER,720.5788695652175,Debit,38.023768115942026,7668.199707246376,Chittagong,1,phishing
NON_URL_TRANSACTION_PLACEHOLDER,3098.55,Credit,35.0,7604.62,Dhaka,0,legit
NON_URL_TRANSACTION_PLACEHOLDER,14.24,Debit,59.0,11104.36,Sylhet,0,legit
NON_URL_TRANSACTION_PLACEHOLDER,4318.81,Debit,33.0,25121.53,Dhaka,0,legit
NON_URL_TRANSACTION_PLACEHOLDER,547.42,Credit,20.0,32990.99,Dhaka,0,legit
NON_URL_TRANSACTION_PLACEHOLDER,4110.74,Debit,20.0,2313.1,Dhaka,0,legit
NON_URL_TRANSACTION_PLACEHOLDER,3306.58,Debit,48.0,13840.32,Barisal,0,legit
https://b@nk0f@meric@.c0m,9.99,Debit,60.0,300.0,Khulna,1,adversarial
NON_URL_TRANSACTION_PLACEHOLDER,4853.66,Debit,26.0,22883.55,Dhaka,0,legit
NON_URL_TRANSACTION_PLACEHOLDER,1596.04,Debit,66.0,20828.54,Chittagong,0,legit
NON_URL_TRANSACTION_PLACEHOLDER,720.5788695652175,Debit,38.023768115942026,7668.199707246376,Chittagong,1,phishing
NON_URL_TRANSACTION_PLACEHOLDER,4931.11,Debit,66.0,4779.02,Sylhet,0,legit
http://skrill.com,9.99,Debit,19.0,150.0,Chittagong,1,adversarial
NON_URL_TRANSACTION_PLACEHOLDER,3342.81,Debit,53.0,26018.08,Khulna,0,legit
NON_URL_TRANSACTION_PLACEHOLDER,720.5788695652175,Debit,38.023768115942026,7668.199707246376,Chittagong,1,phishing
http://apple pay.com,0.49,Debit,22.0,500.0,Chittagong,1,adversarial
http://skrill.com,9.99,Debit,19.0,150.0,Chittagong,1,adversarial
http://@ppIe p@y.c0m,1.99,Debit,22.0,500.0,Chittagong,1,adversarial
NON_URL_TRANSACTION_PLACEHOLDER,720.5788695652175,Debit,38.023768115942026,7668.199707246376,Chittagong,1,phishing
NON_URL_TRANSACTION_PLACEHOLDER,2624.9,Credit,34.0,3663.7,Chittagong,0,legit
https://skrill.com,0.49,Debit,19.0,150.0,Chittagong,1,adversarial
NON_URL_TRANSACTION_PLACEHOLDER,704.5,Debit,29.0,34254.72,Rajshahi,0,legit
http://skrill.com,0.49,Debit,19.0,150.0,Chittagong,1,adversarial
NON_URL_TRANSACTION_PLACEHOLDER,1860.82,Debit,65.0,22757.87,Khulna,0,legit
NON_URL_TRANSACTION_PLACEHOLDER,1484.47,Debit,74.0,18648.84,Chittagong,0,legit
NON_URL_TRANSACTION_PLACEHOLDER,1510.62,Credit,62.0,37926.05,Barisal,0,legit
NON_URL_TRANSACTION_PLACEHOLDER,3296.11,Credit,58.0,29940.02,Sylhet,0,legit
http://skrill.com,0.49,Debit,19.0,150.0,Chittagong,1,adversarial
NON_URL_TRANSACTION_PLACEHOLDER,2064.17,Debit,32.0,38629.22,Chittagong,0,legit
NON_URL_TRANSACTION_PLACEHOLDER,4693.38,Debit,31.0,11228.79,Sylhet,0,legit
NON_URL_TRANSACTION_PLACEHOLDER,1615.96,Debit,32.0,5835.08,Rajshahi,0,legit
http://paypal.com,4.99,Debit,35.0,1200.0,Sylhet,1,adversarial
https://bankofamerica.com,9.99,Debit,60.0,300.0,Khulna,1,adversarial
NON_URL_TRANSACTION_PLACEHOLDER,720.5788695652175,Debit,38.023768115942026,7668.199707246376,Chittagong,1,phishing
NON_URL_TRANSACTION_PLACEHOLDER,720.5788695652175,Debit,38.023768115942026,7668.199707246376,Chittagong,1,phishing
NON_URL_TRANSACTION_PLACEHOLDER,429.17,Debit,28.0,34751.4,Chittagong,0,legit
http://apple pay.com,1.99,Debit,22.0,500.0,Chittagong,1,adversarial
http://skriII.c0m,0.49,Debit,19.0,150.0,Chittagong,1,adversarial
NON_URL_TRANSACTION_PLACEHOLDER,720.5788695652175,Debit,38.023768115942026,7668.199707246376,Chittagong,1,phishing
http://apple pay.com,1.99,Debit,22.0,500.0,Chittagong,1,adversarial
http://apple pay.com,1.99,Debit,22.0,500.0,Chittagong,1,adversarial
http://apple pay.com,5.0,Debit,22.0,500.0,Chittagong,1,adversarial
http://apple pay.com,1.99,Debit,22.0,500.0,Chittagong,1,adversarial
NON_URL_TRANSACTION_PLACEHOLDER,2890.43,Credit,62.0,34845.1,Khulna,0,legit
NON_URL_TRANSACTION_PLACEHOLDER,3824.97,Debit,73.0,46234.78,Barisal,0,legit
NON_URL_TRANSACTION_PLACEHOLDER,3524.83,Debit,55.0,625.2,Sylhet,0,legit
NON_URL_TRANSACTION_PLACEHOLDER,1109.23,Credit,59.0,25225.49,Chittagong,0,legit
http://apple pay.com,1.99,Debit,22.0,500.0,Chittagong,1,adversarial
http://apple pay.com,1.99,Debit,22.0,500.0,Chittagong,1,adversarial
NON_URL_TRANSACTION_PLACEHOLDER,720.5788695652175,Debit,38.023768115942026,7668.199707246376,Chittagong,1,phishing
http://apple pay.com,1.99,Debit,22.0,500.0,Chittagong,1,adversarial
NON_URL_TRANSACTION_PLACEHOLDER,1906.74,Credit,31.0,11218.25,Chittagong,0,legit
NON_URL_TRANSACTION_PLACEHOLDER,720.5788695652175,Debit,38.023768115942026,7668.199707246376,Chittagong,1,phishing
NON_URL_TRANSACTION_PLACEHOLDER,3108.92,Debit,70.0,15199.96,Rajshahi,0,legit
NON_URL_TRANSACTION_PLACEHOLDER,1129.15,Credit,48.0,44852.53,Khulna,0,legit
NON_URL_TRANSACTION_PLACEHOLDER,720.5788695652175,Debit,38.023768115942026,7668.199707246376,Chittagong,1,phishing
NON_URL_TRANSACTION_PLACEHOLDER,3828.73,Debit,55.0,10214.55,Sylhet,0,legit
NON_URL_TRANSACTION_PLACEHOLDER,3164.61,Credit,52.0,21521.12,Dhaka,0,legit
NON_URL_TRANSACTION_PLACEHOLDER,1928.45,Debit,72.0,33114.32,Chittagong,0,legit
NON_URL_TRANSACTION_PLACEHOLDER,4033.38,Debit,62.0,48173.58,Dhaka,0,legit
NON_URL_TRANSACTION_PLACEHOLDER,2527.7,Credit,71.0,33566.15,Khulna,0,legit
NON_URL_TRANSACTION_PLACEHOLDER,550.58,Credit,25.0,48306.75,Dhaka,0,legit
http://paypal.com,5.0,Debit,35.0,1200.0,Sylhet,1,adversarial
NON_URL_TRANSACTION_PLACEHOLDER,2264.46,Debit,20.0,41574.02,Sylhet,0,legit
NON_URL_TRANSACTION_PLACEHOLDER,2616.95,Debit,57.0,11061.3,Rajshahi,0,legit
NON_URL_TRANSACTION_PLACEHOLDER,883.79,Credit,25.0,28093.96,Dhaka,0,legit
NON_URL_TRANSACTION_PLACEHOLDER,586.16,Credit,41.0,49201.67,Khulna,0,legit
NON_URL_TRANSACTION_PLACEHOLDER,720.5788695652175,Debit,38.023768115942026,7668.199707246376,Chittagong,1,phishing
http://apple pay.com,1.99,Debit,22.0,500.0,Chittagong,1,adversarial
NON_URL_TRANSACTION_PLACEHOLDER,720.5788695652175,Debit,38.023768115942026,7668.199707246376,Chittagong,1,phishing
http://paypal.com,1.99,Debit,35.0,1200.0,Sylhet,1,adversarial
NON_URL_TRANSACTION_PLACEHOLDER,3343.14,Debit,29.0,335.05,Barisal,0,legit
https://bankofamerica.com,9.99,Debit,60.0,300.0,Khulna,1,adversarial
NON_URL_TRANSACTION_PLACEHOLDER,720.5788695652175,Debit,38.023768115942026,7668.199707246376,Chittagong,1,phishing
http://skrill.com,0.49,Debit,19.0,150.0,Chittagong,1,adversarial
NON_URL_TRANSACTION_PLACEHOLDER,4976.3,Debit,18.0,49543.4,Barisal,0,legit
http://paypal.com,4.99,Debit,35.0,1200.0,Sylhet,1,adversarial
NON_URL_TRANSACTION_PLACEHOLDER,2402.42,Credit,36.0,49836.98,Rajshahi,0,legit
NON_URL_TRANSACTION_PLACEHOLDER,4816.74,Credit,68.0,26067.69,Dhaka,0,legit
NON_URL_TRANSACTION_PLACEHOLDER,3988.82,Credit,39.0,26692.4,Khulna,0,legit
http://@ppIe p@y.c0m,1.99,Debit,22.0,500.0,Chittagong,1,adversarial
NON_URL_TRANSACTION_PLACEHOLDER,4384.26,Debit,22.0,9935.36,Chittagong,0,legit
NON_URL_TRANSACTION_PLACEHOLDER,2869.02,Credit,65.0,677.37,Rajshahi,0,legit
http://apple pay.com,1.99,Debit,22.0,500.0,Chittagong,1,adversarial
https://apple pay.com,1.99,Debit,22.0,500.0,Chittagong,1,adversarial
NON_URL_TRANSACTION_PLACEHOLDER,1537.05,Credit,70.0,36484.35,Barisal,0,legit
https://bankofamerica.com,9.99,Debit,60.0,300.0,Khulna,1,adversarial
NON_URL_TRANSACTION_PLACEHOLDER,4694.74,Credit,36.0,33881.06,Khulna,0,legit
https://bankofamerica.com,1.99,Debit,60.0,300.0,Khulna,1,adversarial
NON_URL_TRANSACTION_PLACEHOLDER,3147.92,Debit,69.0,23057.28,Chittagong,0,legit
NON_URL_TRANSACTION_PLACEHOLDER,2421.12,Credit,24.0,44934.07,Rajshahi,0,legit
NON_URL_TRANSACTION_PLACEHOLDER,39.27,Credit,50.0,3704.93,Khulna,0,legit
NON_URL_TRANSACTION_PLACEHOLDER,2966.04,Credit,61.0,43563.52,Rajshahi,0,legit
NON_URL_TRANSACTION_PLACEHOLDER,720.5788695652175,Debit,38.023768115942026,7668.199707246376,Chittagong,1,phishing
NON_URL_TRANSACTION_PLACEHOLDER,2601.15,Debit,69.0,24889.15,Dhaka,0,legit
NON_URL_TRANSACTION_PLACEHOLDER,720.5788695652175,Debit,38.023768115942026,7668.199707246376,Chittagong,1,phishing
NON_URL_TRANSACTION_PLACEHOLDER,2081.96,Debit,52.0,25282.96,Dhaka,0,legit
NON_URL_TRANSACTION_PLACEHOLDER,4917.35,Credit,45.0,4392.59,Sylhet,0,legit
https://b@nk0f@meric@.c0m,9.99,Debit,60.0,300.0,Khulna,1,adversarial
NON_URL_TRANSACTION_PLACEHOLDER,301.89,Credit,49.0,23912.69,Chittagong,0,legit
NON_URL_TRANSACTION_PLACEHOLDER,2348.36,Credit,68.0,7678.45,Chittagong,0,legit
http://paypal.com,5.0,Debit,35.0,1200.0,Sylhet,1,adversarial
NON_URL_TRANSACTION_PLACEHOLDER,720.5788695652175,Debit,38.023768115942026,7668.199707246376,Chittagong,1,phishing
NON_URL_TRANSACTION_PLACEHOLDER,898.16,Debit,47.0,19758.22,Dhaka,0,legit
NON_URL_TRANSACTION_PLACEHOLDER,363.28,Credit,71.0,32700.95,Dhaka,0,legit
NON_URL_TRANSACTION_PLACEHOLDER,720.5788695652175,Debit,38.023768115942026,7668.199707246376,Chittagong,1,phishing
NON_URL_TRANSACTION_PLACEHOLDER,720.5788695652175,Debit,38.023768115942026,7668.199707246376,Chittagong,1,phishing
NON_URL_TRANSACTION_PLACEHOLDER,1674.48,Debit,44.0,14506.12,Barisal,0,legit
NON_URL_TRANSACTION_PLACEHOLDER,720.5788695652175,Debit,38.023768115942026,7668.199707246376,Chittagong,1,phishing
NON_URL_TRANSACTION_PLACEHOLDER,1767.17,Credit,30.0,37454.03,Chittagong,0,legit
https://bankofamerica.com,9.99,Debit,60.0,300.0,Khulna,1,adversarial
NON_URL_TRANSACTION_PLACEHOLDER,720.5788695652175,Debit,38.023768115942026,7668.199707246376,Chittagong,1,phishing
NON_URL_TRANSACTION_PLACEHOLDER,1953.87,Credit,73.0,25298.68,Dhaka,0,legit
https://skrill.com,0.49,Debit,19.0,150.0,Chittagong,1,adversarial
NON_URL_TRANSACTION_PLACEHOLDER,4570.76,Credit,24.0,27496.6,Dhaka,0,legit
http://apple pay.com,1.99,Debit,22.0,500.0,Chittagong,1,adversarial
NON_URL_TRANSACTION_PLACEHOLDER,3670.68,Debit,44.0,41645.49,Chittagong,0,legit
NON_URL_TRANSACTION_PLACEHOLDER,2784.73,Credit,19.0,27305.68,Sylhet,0,legit
http://apple pay.com,1.99,Debit,22.0,500.0,Chittagong,1,adversarial
http://skriII.c0m,0.49,Debit,19.0,150.0,Chittagong,1,adversarial
https://bankofamerica.com,5.0,Debit,60.0,300.0,Khulna,1,adversarial
http://paypal.com,1.99,Debit,35.0,1200.0,Sylhet,1,adversarial
NON_URL_TRANSACTION_PLACEHOLDER,720.5788695652175,Debit,38.023768115942026,7668.199707246376,Chittagong,1,phishing
http://apple pay.com,9.99,Debit,22.0,500.0,Chittagong,1,adversarial
NON_URL_TRANSACTION_PLACEHOLDER,1224.02,Credit,50.0,27939.86,Dhaka,0,legit
http://apple pay.com,1.99,Debit,22.0,500.0,Chittagong,1,adversarial
https://bankofamerica.com,9.99,Debit,60.0,300.0,Khulna,1,adversarial
